[{ "epoch":3, "generation":11, "position":0, "genome": "uddfeupzulrok|zwysc{uddeupzulrok|zwysc{uddeupzulrok|zwysc{uddeupzulrok|zwysc{uddeupzulrok|zwysc{uddeupzulrok|zwysc{uddeupzulrok|zwysc{udddeupzulroooooookkkkk|zwysc{uddeupzullrrooooooooooooooooooooooooooook||||||zzzwwwwwyyyssccc{{{{{uddeeupzulrok||zwysc{uddeuupzzulrrrrook|zwwysc{uddddddeuppzulrok|zwysc{uddeupzullllllrrok|zwysc{uddeupzulrok|zwysc{{uddeupzulrok|zwysc{uddeupzulrok|zwysc{{uddeupzulrok|zwysc{uddeupzulrok|zwysc{{uddeuupzulrok|zwysc{uddeupzulrok|zwysc{uddeupzulrok|zwysc{uddeupzulrok|zwysc{uddeupzulrok|zwysc{uddeupzulrok|zwysc{uddeupzulrok|zwysc{uddeupzulrok|zwysc{uddeupzulrok|zwysc{uddeupzulrok|zwysc{uddeupzulrok|zwysc{uddeupzulrok|zwysc{uddeupzulrok|zwysc{uddeupzulrok|zwysc{000000000000000000000000000000000000000000000000000000000000000000000000000000000000000000000000000000000000000000000000000000"},
{ "epoch":3, "generation":11, "position":1, "genome": "uddceupzulrok|zwysc{uddeupzulrok|zwysc{uddeupzulrok|zwysc{uddeupzulrok|zwysc{uddeupzulrok|zwysc{uddeupzulrok|zwysc{uddeupzulrok|zwysc{udddeupzulroooooookkkkk|zwysc{uddeupzullrroooooooooooooooooooooooook||||zzzwwwwyyssc{{{{{uddeeupzulrok||zwysc{uddeeeeeeeeuupzzuulrrrrrook|zwwysc{uddddddeuppzulrok|zwysc{uddeupzullllllrrok|zwysc{uddeupzulrok|zwysc{{uddeupzulrok|zwysc{uddeupzulrok|zwysc{{uddeupzulrok|zwysc{uddeupzulrok|zwysc{{uddeuupzulrok|zwysc{uddeupzulrok|zwysc{uddeupzulrok|zwysc{uddeupzulrok|zwysc{uddeupzulrok|zwysc{uddeupzulrok|zwysc{uddeupzulrok|zwysc{uddeupzulrok|zwysc{uddeupzulrok|zwysc{uddeupzulrok|zwysc{uddeupzulrok|zwysc{uddeupzulrok|zwysc{uddeupzulrok|zwysc{uddeupzulrok|zwysc{00000000000000000000000000000000000000000000000000000000000000000000000000000000000000000000000000000000000000000000000000"},
{ "epoch":3, "generation":10, "position":2, "genome": "|v~gagc~pgjglnmg|v~agc~pgjglnmg|v~agc~pgjglnmg|v~agc~pgjglnmg|v~agc~pgjglnmg|v~agc~pgjglnmg|v~agc~pgjglnmg|v~agc~pgjglnmg|v~agc~pgjglnmg|v~agc~~ppppgjglnmg|v~aggc~pgjjjggggglnmmmgg|vv~aagccccccccccccccc~ppgjjjjjgllnnmmg|v~aaagc~~pgjggglnmggg|vv~agc~pgjjjglnmg|vv~agc~~pgjglnmg|v~agc~pgjglnmg|v~agc~pgjglnmg|v~agc~pgjglnmg|v~agc~pgjglnmg|v~agc~pgjglnmg|v~agc~pgjglnmg|v~agc~pgjglnmg|v~agc~pgjglnmg|v~agc~pgjglnmg|v~agc~pgjglnmg|v~agc~pgjglnmg|v~agc~pgjglnmg|v~agc~pgjglnmg|v~agc~pgjglnmg|v~agc~pgjglnmg|v~agc~pgjglnmg|v~agc~pgjglnmg0000000000000000000000000000000000000000000000000000000000000000000000000000000000000000000000000000000000000000000000"},
{ "epoch":3, "generation":10, "position":3, "genome": "uddfeupzulrok|zwysc{uddeupzulrok|zwysc{uddeupzulrok|zwysc{uddeupzulrok|zwysc{uddeupzulrok|zwysc{uddeupzulrok|zwysc{uddeupzulrok|zwysc{udddeupzulroooooookkkkk|zwysc{uddeupzullrroooooooooooooooooook|zzzwysssc{{uudddddeupzzuulrok|zwwwyyyscc{uddeeupzulrok|zwyyyyyyysssc{uddeupzulrok|zwysc{uddeupzulrok|zwysc{uddeupzulrok|zwysc{uddeupzulrok|zwyssc{uddeupzulrok|zwysc{uddeupzulrok|zwysc{uddeupzulroook||zwysssscccccc{uddeupzulrok|zwysc{uddeupzulrok|zwysc{uddeupzulrok|zwysc{uddeupzulrok|zwysc{uddeupzulrok|zwysc{uddeupzulrok|zwysc{uddeupzulrok|zwysc{uddeupzulrok|zwysc{uddeupzulrok|zwysc{uddeupzulrok|zwysc{uddeupzulrok|zwysc{uddeupzulrok|zwysc{uddeupzulrok|zwysc{uddeupzulrok|zwysc{000000000000000000000000000000000000000000000000000000000000000000000000000000000000000000000000000000000000000000000000"},
{ "epoch":3, "generation":10, "position":4, "genome": "uddceupzulrok|zwysc{uddeupzulrok|zwysc{uddeupzulrok|zwysc{uddeupzulrok|zwysc{uddeupzulrok|zwysc{uddeupzulrok|zwysc{uddeupzulrok|zwysc{udddeupzulroooooookkkkk|zwysc{uddeupzullrroooooooooooooooooooooooooooookkkkkkk|zwysssc{{uudddddeupzzulrok|zwwwyyyscc{uddeeupzulrok|zwyyyyyyysssc{uddeupzulrok|zwysc{uddeupzulrok|zwysc{uddeupzulrok|zwysc{uddeupzulrok|zwyssc{uddeupzulrok|zwysc{uddeupzulrok|zwysc{uddeupzulroook||zwysssscccccc{uddeupzulrok|zwysc{uddeupzulrok|zwysc{uddeupzulrok|zwysc{uddeupzulrok|zwysc{uddeupzulrok|zwysc{uddeupzulrok|zwysc{uddeupzulrok|zwysc{uddeupzulrok|zwysc{uddeupzulrok|zwysc{uddeupzulrok|zwysc{uddeupzulrok|zwysc{uddeupzulrok|zwysc{uddeupzulrok|zwysc{uddeupzulrok|zwysc{0000000000000000000000000000000000000000000000000000000000000000000000000000000000000000000000000000000000000000"},
{ "epoch":3, "generation":10, "position":5, "genome": "uddfeupzulrok|zwysc{uddeupzulrok|zwysc{uddeupzulrok|zwysc{uddeupzulrok|zwysc{uddeupzulrok|zwysc{uddeupzulrok|zwysc{uddeupzulrok|zwysc{udddeupzulroooooookkkkk|zwysc{uddeupzullrroooooooooooooookkk||||zzwwwyssc{{{{{{{{{{{{udddeuppzulrrok|zwwwwwwwwwwwwysc{uddeuuupzullrok|zwysc{uddeupzulrok|zwysc{uddeupzulrok|zwysc{uddeuppzuuuulrrrrokk|zwysc{uddeupzulrok|zwysc{uddeupzulrok|zwysc{uddeupzulrok|zwysc{uddeupzulrok|zwysc{uddeupzulrok|zwysc{uddeupzulrok|zwysc{uddeupzulrok|zwysc{uddeupzulrok|zwysc{uddeupzulrok|zwysc{uddeupzulrok|zwysc{uddeupzulrok|zwysc{uddeupzulrok|zwysc{uddeupzulrok|zwysc{uddeupzulrok|zwysc{uddeupzulrok|zwysc{uddeupzulrok|zwysc{uddeupzulrok|zwysc{uddeupzulrok|zwysc{000000000000000000000000000000000000000000000000000000000000000000000000000000000000000000000000000000000000000000"},
{ "epoch":3, "generation":10, "position":6, "genome": "uddfeupzulrok|zwysc{uddeupzulrok|zwysc{uddeupzulrok|zwysc{uddeupzulrok|zwysc{uddeupzulrok|zwysc{uddeupzulrok|zwysc{uddeupzulrok|zwysc{udddeupzulroooooookkkkk|zwysc{uddeupzuullrrooooooooooooooook||||zzwwwyssc{{{{{{{uddeupzulrrokkk|zwwwwwwwwwwwwwwwwwyscc{uddeuuupzullrok|zwysc{uddeupzulrok|zwysc{uddeeeeupzulrok|zwysc{uddeuppzuuuulrrrrokk|zwysc{uddeupzulrok|zwysc{uddeupzulrok|zwysc{uddeupzulrok|zwysc{uddeupzulrok|zwysc{uddeupzulrok|zwysc{uddeupzulrok|zwysc{uddeupzulrok|zwysc{uddeupzulrok|zwysc{uddeupzulrok|zwysc{uddeupzulrok|zwysc{uddeupzulrok|zwysc{uddeupzulrok|zwysc{uddeupzulrok|zwysc{uddeupzulrok|zwysc{uddeupzulrok|zwysc{uddeupzulrok|zwysc{uddeupzulrok|zwysc{uddeupzulrok|zwysc{0000000000000000000000000000000000000000000000000000000000000000000000000000000000000000000000000"},
{ "epoch":3, "generation":9, "position":7, "genome": "uddceupzulrok|zwysc{uddeupzulrok|zwysc{uddeupzulrok|zwysc{uddeupzulrok|zwysc{uddeupzulrok|zwysc{uddeupzulrok|zwysc{uddeupzulrok|zwysc{udddeupzulroooooookkkkk|zwysc{uddeupzullrrrooooooooooooooooook||zzwyssc{uuudddddddddeupzzzzzzulrok|zzwwyyyscc{{{uddddeeupzulrok|zwyyyyyyyyysssc{uddeupzulrok|zwysc{uddeupzulrok|zwysc{uddeupzulrok|zwysc{uddeupzulrok|zwysc{uddeupzulrok|zwyscc{uddeupzulrok|zwysc{uddddddeuupppzulrok|zwysc{uddeupzulrok|zwysc{uddeupzulrok|zwysc{uddeupzulrok|zwysc{uddeupzulrok|zwysc{uddeupzulrok|zwysc{uddeupzulrok|zwysc{uddeupzulrok|zwysc{uddeupzulrok|zwysc{uddeupzulrok|zwysc{uddeupzulrok|zwysc{uddeupzulrok|zwysc{uddeupzulrok|zwysc{uddeupzulrok|zwysc{uddeupzulrok|zwysc{00000000000000000000000000000000000000000000000000000000000000000000000000000000000000000000000000000000000000"},
{ "epoch":3, "generation":9, "position":8, "genome": "|v~fagc~pgjglnmg|v~agc~pgjglnmg|v~agc~pgjglnmg|v~agc~pgjglnmg|v~agc~pgjglnmg|v~agc~pgjglnmg|v~agc~pgjglnmg|v~agc~pgjglnmg|v~agc~pgjglnmg|v~agc~~ppppgjglnmg|v~aggc~pgjjjggggglnmmmgg|vv~aagccccccccccccccc~ppgjjjjjgllnnmmg|v~aaagc~~pgjggglnmggg|vv~agc~pgjjjglnmg|vv~agc~~pgjglnmg|v~agc~pgjglnmg|v~agc~pgjglnmg|v~agc~pgjglnmg|v~agc~pgjglnmg|v~agc~pgjglnmg|v~agc~pgjglnmg|v~agc~pgjglnmg|v~agc~pgjglnmg|v~agc~pgjglnmg|v~agc~pgjglnmg|v~agc~pgjglnmg|v~agc~pgjglnmg|v~agc~pgjglnmg|v~agc~pgjglnmg|v~agc~pgjglnmg|v~agc~pgjglnmg|v~agc~pgjglnmg0000000000000000000000000000000000000000000000000000000000000000000000000000000000000000000000000000000000000000000000"},
{ "epoch":3, "generation":9, "position":9, "genome": "|v~fagc~pgjglnmg|v~agc~pgjglnmg|v~agc~pgjglnmg|v~agc~pgjglnmg|v~agc~pgjglnmg|v~agc~pgjglnmg|v~agc~pgjglnmg|v~agc~pgjglnmg|v~agc~pgjglnmg|v~agc~~ppppgjglnmmmmg||||v~aaaggc~pgjjjgggllllnmmg|vv~agcccccccccc~ppgjjjjjgllnnmmg|v~aaagc~~pgjggglnmggg|vv~agc~pgjjjglnmg|vv~agc~~pgjglnmg|v~agc~pgjglnmg|v~agc~pgjglnmg|v~agc~pgjglnmg|v~agc~pgjglnmg|v~agc~pgjglnmg|v~agc~pgjglnmg|v~agc~pgjglnmg|v~agc~pgjglnmg|v~agc~pgjglnmg|v~agc~pgjglnmg|v~agc~pgjglnmg|v~agc~pgjglnmg|v~agc~pgjglnmg|v~agc~pgjglnmg|v~agc~pgjglnmg|v~agc~pgjglnmg|v~agc~pgjglnmg0000000000000000000000000000000000000000000000000000000000000000000000000000000000000000000000000000000000000000000"},
{ "epoch":3, "generation":9, "position":10, "genome": "uddgeupzulrok|zwysc{uddeupzulrok|zwysc{uddeupzulrok|zwysc{uddeupzulrok|zwysc{uddeupzulrok|zwysc{uddeupzulrok|zwysc{uddeupzulrok|zwysc{udddeupzulroooooookkkkk|zwysc{uddeupzullrrrooooooooooooooooook||zzwyssc{uudddddddeupzzzulrok|zwwyyyscc{{{uddddeeupzulrok|zwyyyyyyyyysssc{uddeupzulrok|zwysc{uddeupzulrok|zwysc{uddeupzulrok|zwysc{uddeupzulrok|zwysc{uddeupzulrok|zwyscc{uddeupzulrok|zwysc{uddddddeuupppzulrok|zwysc{uddeupzulrok|zwysc{uddeupzulrok|zwysc{uddeupzulrok|zwysc{uddeupzulrok|zwysc{uddeupzulrok|zwysc{uddeupzulrok|zwysc{uddeupzulrok|zwysc{uddeupzulrok|zwysc{uddeupzulrok|zwysc{uddeupzulrok|zwysc{uddeupzulrok|zwysc{uddeupzulrok|zwysc{uddeupzulrok|zwysc{uddeupzulrok|zwysc{000000000000000000000000000000000000000000000000000000000000000000000000000000000000000000000000000000"},
{ "epoch":3, "generation":9, "position":11, "genome": "uddfeupzulrok|zwysc{uddeupzulrok|zwysc{uddeupzulrok|zwysc{uddeupzulrok|zwysc{uddeupzulrok|zwysc{uddeupzulrok|zwysc{uddeupzulrok|zwysc{udddeupzulroooooookkkkk|zwysc{uddeupzullrroooooooooooooooooook||||zzwwwyssc{{{{{{{{{{{{udddeuppzulrrok|zwwwwwwwwwwwwysc{uddeuuupzullrok|zwysc{uddeupzulrok|zwysc{uddeupzulrok|zwysc{uddeuppzuuuulrrrrokk|zwysc{uddeupzulrok|zwysc{uddeupzulrok|zwysc{uddeupzulrok|zwysc{uddeupzulrok|zwysc{uddeupzulrok|zwysc{uddeupzulrok|zwysc{uddeupzulrok|zwysc{uddeupzulrok|zwysc{uddeupzulrok|zwysc{uddeupzulrok|zwysc{uddeupzulrok|zwysc{uddeupzulrok|zwysc{uddeupzulrok|zwysc{uddeupzulrok|zwysc{uddeupzulrok|zwysc{uddeupzulrok|zwysc{uddeupzulrok|zwysc{uddeupzulrok|zwysc{0000000000000000000000000000000000000000000000000000000000000000000000000000000000000000000000000000000000000000"},
{ "epoch":3, "generation":9, "position":12, "genome": "uddgeupzulrok|zwysc{uddeupzulrok|zwysc{uddeupzulrok|zwysc{uddeupzulrok|zwysc{uddeupzulrok|zwysc{uddeupzulrok|zwysc{uddeupzulrok|zwysc{udddeupzulroooooookkkkk|zwysc{uddeupzuullrrooooooooooooooooooook||||||zzzwwwysccc{{{{{{{{{{{uddeupzulrrok|zwwwwwwwwwwwwysc{uddeuuupzullrok|zwysc{uddeupzulrok|||zzwysc{uddeupzulrok|zwysc{uddeuppzuuuulrrrrokk|zwysc{uddeupzulrok|zwysc{uddeupzulrok|zwysc{uddeupzulrok|zwysc{uddeupzulrok|zwysc{uddeupzulrok|zwysc{uddeupzulrok|zwysc{uddeupzulrok|zwysc{uddeupzulrok|zwysc{uddeupzulrok|zwysc{uddeupzulrok|zwysc{uddeupzulrok|zwysc{uddeupzulrok|zwysc{uddeupzulrok|zwysc{uddeupzulrok|zwysc{uddeupzulrok|zwysc{uddeupzulrok|zwysc{uddeupzulrok|zwysc{uddeupzulrok|zwysc{0000000000000000000000000000000000000000000000000000000000000000000000000000000000000000000000000"},
{ "epoch":3, "generation":9, "position":13, "genome": "uddfeupzulrok|zwysc{uddeupzulrok|zwysc{uddeupzulrok|zwysc{uddeupzulrok|zwysc{uddeupzulrok|zwysc{uddeupzulrok|zwysc{uddeupzulrok|zwysc{udddeupzulroooooookkkkk|zwysc{uddeupzullrroooooooooooooookkk||||zzwwwyssc{{{{{{{{{{{{udddeuppzulrrok|zwwwwwwwwwwwwysc{uddeuuupzullrok|zwysc{uddeupzulrok|zwysc{uddeupzulrok|zwysc{uddeuppzuuuulrrrrokk|zwysc{uddeupzulrok|zwysc{uddeupzulrok|zwysc{uddeupzulrok|zwysc{uddeupzulrok|zwysc{uddeupzulrok|zwysc{uddeupzulrok|zwysc{uddeupzulrok|zwysc{uddeupzulrok|zwysc{uddeupzulrok|zwysc{uddeupzulrok|zwysc{uddeupzulrok|zwysc{uddeupzulrok|zwysc{uddeupzulrok|zwysc{uddeupzulrok|zwysc{uddeupzulrok|zwysc{uddeupzulrok|zwysc{uddeupzulrok|zwysc{uddeupzulrok|zwysc{00000000000000000000000000000000000000000000000000000000000000000000000000000000000000000000000000000000000000"},
{ "epoch":3, "generation":9, "position":14, "genome": "uddgeupzulrok|zwysc{uddeupzulrok|zwysc{uddeupzulrok|zwysc{uddeupzulrok|zwysc{uddeupzulrok|zwysc{uddeupzulrok|zwysc{uddeupzulrok|zwysc{udddeupzulroooooookkkkk|zwysc{uddeupzullrroooooooooooooook||||zzwwwyssc{{{{{{{uddeupzulrrokkk|zwwwwwwwwwwwwwwwwwwyscc{uddeuuupzullrok|zwysc{uddeupzulrok|zwysc{uddeupzulrok|zwysc{uddeuppzuuuulrrrrokk|zwysc{uddeupzulrok|zwysc{uddeupzulrok|zwysc{uddeupzulrok|zwysc{uddeupzulrok|zwysc{uddeupzulrok|zwysc{uddeupzulrok|zwysc{uddeupzulrok|zwysc{uddeupzulrok|zwysc{uddeupzulrok|zwysc{uddeupzulrok|zwysc{uddeupzulrok|zwysc{uddeupzulrok|zwysc{uddeupzulrok|zwysc{uddeupzulrok|zwysc{uddeupzulrok|zwysc{uddeupzulrok|zwysc{uddeupzulrok|zwysc{uddeupzulrok|zwysc{000000000000000000000000000000000000000000000000000000000000000000000000000000000000000000000"},
{ "epoch":3, "generation":9, "position":15, "genome": "uddfeupzulrok|zwysc{uddeupzulrok|zwysc{uddeupzulrok|zwysc{uddeupzulrok|zwysc{uddeupzulrok|zwysc{uddeupzulrok|zwysc{uddeupzulrok|zwysc{udddeupzulroooooookkkkk|zwysc{uddeupzuullrrrooooooooooooooook||||zzwwwyysc{{{{{{uddeupzulrrok|zwwwwwwwwwwwwysc{uddeuuupzullrok|zwysc{uddddeupzulrok||||zzwyscc{uddeupzulrok|zwysc{uddeuppzuuuulrrrrokk|zwysc{uddeupzulrok|zwysc{uddeupzulrok|zwysc{uddeupzulrok|zwysc{uddeupzulrok|zwysc{uddeupzulrok|zwysc{uddeupzulrok|zwysc{uddeupzulrok|zwysc{uddeupzulrok|zwysc{uddeupzulrok|zwysc{uddeupzulrok|zwysc{uddeupzulrok|zwysc{uddeupzulrok|zwysc{uddeupzulrok|zwysc{uddeupzulrok|zwysc{uddeupzulrok|zwysc{uddeupzulrok|zwysc{uddeupzulrok|zwysc{uddeupzulrok|zwysc{0000000000000000000000000000000000000000000000000000000000000000000000000000000000000000000000000000000"},
{ "epoch":3, "generation":9, "position":16, "genome": "uddceupzulrok|zwysc{uddeupzulrok|zwysc{uddeupzulrok|zwysc{uddeupzulrok|zwysc{uddeupzulrok|zwysc{uddeupzulrok|zwysc{uddeupzulrok|zwysc{udddeupzulroooooookkkkk|zwysc{uddeupzullrrooooooooooooooook||||zzwwwyssc{{{{{{{uddeupzulrrokkk|zwwwwwwwwwwwwwwwwwyscc{uddeuuupzullrok|zwysc{uddeupzulrok|zwysc{uddeupzulrok|zwysc{uddeuppzuuuulrrrrokk|zwysc{uddeupzulrok|zwysc{uddeupzulrok|zwysc{uddeupzulrok|zwysc{uddeupzulrok|zwysc{uddeupzulrok|zwysc{uddeupzulrok|zwysc{uddeupzulrok|zwysc{uddeupzulrok|zwysc{uddeupzulrok|zwysc{uddeupzulrok|zwysc{uddeupzulrok|zwysc{uddeupzulrok|zwysc{uddeupzulrok|zwysc{uddeupzulrok|zwysc{uddeupzulrok|zwysc{uddeupzulrok|zwysc{uddeupzulrok|zwysc{uddeupzulrok|zwysc{00000000000000000000000000000000000000000000000000000000000000000000000000000000000000000000"},
{ "epoch":3, "generation":8, "position":17, "genome": "|v~gagc~pgjglnmg|v~agc~pgjglnmg|v~agc~pgjglnmg|v~agc~pgjglnmg|v~agc~pgjglnmg|v~agc~pgjglnmg|v~agc~pgjglnmg|v~agc~pgjglnmg|v~agc~pgjglnmg|v~agc~~ppppgjglnmmmmg||||v~aaaggc~pgjjjgggllllnmmg|vv~agcccccccccc~ppgjjjjjgllnnmmg|v~aaagc~~pgjggglnmggg|vv~agc~pgjjjglnmg|vv~agc~~pgjglnmg|v~agc~pgjglnmg|v~agc~pgjglnmg|v~agc~pgjglnmg|v~agc~pgjglnmg|v~agc~pgjglnmg|v~agc~pgjglnmg|v~agc~pgjglnmg|v~agc~pgjglnmg|v~agc~pgjglnmg|v~agc~pgjglnmg|v~agc~pgjglnmg|v~agc~pgjglnmg|v~agc~pgjglnmg|v~agc~pgjglnmg|v~agc~pgjglnmg|v~agc~pgjglnmg|v~agc~pgjglnmg0000000000000000000000000000000000000000000000000000000000000000000000000000000000000000000000000000000000000000000"},
{ "epoch":3, "generation":8, "position":18, "genome": "uddfeupzulrok|zwysc{uddeupzulrok|zwysc{uddeupzulrok|zwysc{uddeupzulrok|zwysc{uddeupzulrok|zwysc{uddeupzulrok|zwysc{uddeupzulrok|zwysc{udddeupzulroooooookkkkk|zwysc{uddeupzullrroooooooooooooook|zwysccc{uuuuuddddddddeuupzulrrok|zwwyyyyyscc{{uddddeuupzulrook|zwysc{uddeuuupzulrok|zwyysc{uddeeupzulrok|zwysc{uddeupzulrok|zwyysc{uddeupzulrok|zwysc{uddeupzulrok|zwysc{uddeupzzulrok||zwysc{uddeupzulrok|zwysc{uddeupzuuuuulrok|zwysc{uddeupzulrok|zwysc{uddeupzulrok|zwysc{uddeupzulrok|zwysc{uddeupzulrok|zwysc{uddeupzulrok|zwysc{uddeupzulrok|zwysc{uddeupzulrok|zwysc{uddeupzulrok|zwysc{uddeupzulrok|zwysc{uddeupzulrok|zwysc{uddeupzulrok|zwysc{uddeupzulrok|zwysc{uddeupzulrok|zwysc{0000000000000000000000000000000000000000000000000000000000000000000000000000000000000000000"},
{ "epoch":3, "generation":8, "position":19, "genome": "|v~fagc~pgjglnmg|v~agc~pgjglnmg|v~agc~pgjglnmg|v~agc~pgjglnmg|v~agc~pgjglnmg|v~agc~pgjglnmg|v~agc~pgjglnmg|v~agc~pgjglnmg|v~agc~pgjglnmg|v~aggc~~ppppgjglnmg|v~aggc~pgjjjgggglnmmg|vv~agccccccccccc~ppgjjjjjgllnnmmg|v~aaagc~~pgjggglnmggg|vv~agc~pgjjjglnmg|vv~agc~~pgjglnmg|v~agc~pgjglnmg|v~agc~pgjglnmg|v~agc~pgjglnmg|v~agc~pgjglnmg|v~agc~pgjglnmg|v~agc~pgjglnmg|v~agc~pgjglnmg|v~agc~pgjglnmg|v~agc~pgjglnmg|v~agc~pgjglnmg|v~agc~pgjglnmg|v~agc~pgjglnmg|v~agc~pgjglnmg|v~agc~pgjglnmg|v~agc~pgjglnmg|v~agc~pgjglnmg|v~agc~pgjglnmg00000000000000000000000000000000000000000000000000000000000000000000000000000000000000000000000000000000000000"},
{ "epoch":3, "generation":8, "position":20, "genome": "|v~fagc~pgjglnmg|v~agc~pgjglnmg|v~agc~pgjglnmg|v~agc~pgjglnmg|v~agc~pgjglnmg|v~agc~pgjglnmg|v~agc~pgjglnmg|v~agc~pgjglnmg|v~agc~pgjglnmg|v~agc~~ppppgjglnmg||v~aaaggc~pgjjjgggllllnmmg|||vv~agcccccccccc~ppgjjjjjgllnnmmg|v~aaagc~~pgjggglnmggg|vv~agc~pgjjjglnmg|vv~agc~~pgjglnmg|v~agc~pgjglnmg|v~agc~pgjglnmg|v~agc~pgjglnmg|v~agc~pgjglnmg|v~agc~pgjglnmg|v~agc~pgjglnmg|v~agc~pgjglnmg|v~agc~pgjglnmg|v~agc~pgjglnmg|v~agc~pgjglnmg|v~agc~pgjglnmg|v~agc~pgjglnmg|v~agc~pgjglnmg|v~agc~pgjglnmg|v~agc~pgjglnmg|v~agc~pgjglnmg|v~agc~pgjglnmg000000000000000000000000000000000000000000000000000000000000000000000000000000000000000000000000000000000000000"},
{ "epoch":3, "generation":8, "position":21, "genome": "fygxc|sku}pnkfygx|sku}pnkfygx|sku}pnkfygx|sku}pnkfygx|sku}pnkfygx|sku}}pnkfygggx|sku}pnkfygx|sku}pnkfygx|sku}pnkfygx|skku}}}pnkkkkkkffygx|sssku}pnkfygxx|sku}ppnkfygx|sku}pnkfygx|sku}pnkfygx|sku}pnkfygx|sku}pnkfyyyyyygx|sku}pnkffygx|sku}pnkfygx|sku}pnkfygx|sku}pnkfygx|sku}pnkfygx|sku}pnkfygx|sku}pnkfygx|sku}pnkfygx|sku}pnkfygx|sku}pnkfygx|sku}pnkfygx|sku}pnkfygx|sku}pnkfygx|sku}pnkfygx|sku}pnkfygx|sku}pnk000000000000000000000000000000000000000000000000000000000000000000000000000000000000000000000"},
{ "epoch":3, "generation":7, "position":22, "genome": "uddfeupzulrok|zwysc{uddeupzulrok|zwysc{uddeupzulrok|zwysc{uddeupzulrok|zwysc{uddeupzulrok|zwysc{uddeupzulrok|zwysc{uddeupzulrok|zwysc{udddeupzulroooooookkkkk|zwysc{uddeupzullrrroooooooooooooooooooooooooook|||zzzwyysc{{uuddddddeuppzulrok|zzzwysc{udddddddeupzulrok|zwwysc{uddeeupzulrrok|zwysc{uddeupzulrok|zwysc{uddeupzulrok|zwysc{udddeuuuppzulrok|zwysc{uddeupzulrok|zwysc{uddeupzulrok|zwysc{uddeupzulrok|zwysc{uddeupzulrok|zwysc{uddeupzulrok|zwysc{uddeupzulrok|zwysc{uddeupzulrok|zwysc{uddeupzulrok|zwysc{uddeupzulrok|zwysc{uddeupzulrok|zwysc{uddeupzulrok|zwysc{uddeupzulrok|zwysc{uddeupzulrok|zwysc{uddeupzulrok|zwysc{uddeupzulrok|zwysc{uddeupzulrok|zwysc{uddeupzulrok|zwysc{0000000000000000000000000000000000000000000000000000000000000000000000000000000000"},
{ "epoch":3, "generation":7, "position":23, "genome": "uddfeupzulrok|zwysc{uddeupzulrok|zwysc{uddeupzulrok|zwysc{uddeupzulrok|zwysc{uddeupzulrok|zwysc{uddeupzulrok|zwysc{uddeupzulrok|zwysc{udddeupzulroooooookkkkk|zwysc{uddeupzullrrrooooooooooooooooooooooooooook|||zwysc{uuddddddeuppzulrok|zzzwysc{udddddddeupzulrok|zwwysc{uddeeupzulrrok|zwysc{uddeupzulrok|zwysc{uddeupzulrok|zwysc{udddeuuuppzulrok|zwysc{uddeupzulrok|zwysc{uddeupzulrok|zwysc{uddeupzulrok|zwysc{uddeupzulrok|zwysc{uddeupzulrok|zwysc{uddeupzulrok|zwysc{uddeupzulrok|zwysc{uddeupzulrok|zwysc{uddeupzulrok|zwysc{uddeupzulrok|zwysc{uddeupzulrok|zwysc{uddeupzulrok|zwysc{uddeupzulrok|zwysc{uddeupzulrok|zwysc{uddeupzulrok|zwysc{uddeupzulrok|zwysc{uddeupzulrok|zwysc{000000000000000000000000000000000000000000000000000000000000000000000000000000"},
{ "epoch":3, "generation":7, "position":24, "genome": "uddceupzulrok|zwysc{uddeupzulrok|zwysc{uddeupzulrok|zwysc{uddeupzulrok|zwysc{uddeupzulrok|zwysc{uddeupzulrok|zwysc{uddeupzulrok|zwysc{udddeupzulroooooookkkkk|zwysc{uddeupzullrrrooooooooooooooooooooooooook||zwysc{uuddddddeupppppzzzulrok|zwysc{udddddddeupzulrok|zwysc{uddeupzulrok|zwysc{uddeupzulrok|zwysc{uddeupzulrok|zwysc{uddeupzulrok|zwysc{uddeupzulrok|zwysc{uddeupzulrok|zwysc{uddeupzulrok|zwysc{uddeupzulrok|zwysc{uddeupzulrok|zwysc{uddeupzulrok|zwysc{uddeupzulrok|zwysc{uddeupzulrok|zwysc{uddeupzulrok|zwysc{uddeupzulrok|zwysc{uddeupzulrok|zwysc{uddeupzulrok|zwysc{uddeupzulrok|zwysc{uddeupzulrok|zwysc{uddeupzulrok|zwysc{uddeupzulrok|zwysc{uddeupzulrok|zwysc{0000000000000000000000000000000000000000000000000000000000000000"},
{ "epoch":3, "generation":7, "position":25, "genome": "uddceupzulrok|zwysc{uddeupzulrok|zwysc{uddeupzulrok|zwysc{uddeupzulrok|zwysc{uddeupzulrok|zwysc{uddeupzulrok|zwysc{uddeupzulrok|zwysc{udddeupzulroooooookkkkk|zwysc{uddeupzullrroooooooooooooook|zwysccc{uuuuuddddddddeuupzulrok|zwwyyyyscc{{uddddeupzulrook|zwysc{uddeuuupzulrok|zwysc{uddeupzulrok|zwysc{uddeupzulrok|zwysc{uddeupzulrok|zwysc{uddeupzulrok|zwysc{uddeupzulrok|zwysc{uddeupzulrok|zwysc{uddeupzulrok|zwysc{uddeupzulrok|zwysc{uddeupzulrok|zwysc{uddeupzulrok|zwysc{uddeupzulrok|zwysc{uddeupzulrok|zwysc{uddeupzulrok|zwysc{uddeupzulrok|zwysc{uddeupzulrok|zwysc{uddeupzulrok|zwysc{uddeupzulrok|zwysc{uddeupzulrok|zwysc{uddeupzulrok|zwysc{uddeupzulrok|zwysc{00000000000000000000000000000000000000000000000000000000000000000000000000000000000000"},
{ "epoch":3, "generation":7, "position":26, "genome": "uddceupzulrok|zwysc{uddeupzulrok|zwysc{uddeupzulrok|zwysc{uddeupzulrok|zwysc{uddeupzulrok|zwysc{uddeupzulrok|zwysc{uddeupzulrok|zwysc{udddeupzulroooooookkkkk|zwysc{uddeupzullrroooooooooooooooooook|zwysccc{uuuuuddddddddeuupzulrok|zwwyyyscc{uddeupzulrok|zwysc{uddeupzulrok|zwysc{uddeupzulrok|zwysc{uddeupzulrok|zwysc{uddeupzulrok|zwysc{uddeupzulrok|zwysc{uddeupzulrok|zwysc{uddeupzulrok|zwysc{uddeupzulrok|zwysc{uddeupzulrok|zwysc{uddeupzulrok|zwysc{uddeupzulrok|zwysc{uddeupzulrok|zwysc{uddeupzulrok|zwysc{uddeupzulrok|zwysc{uddeupzulrok|zwysc{uddeupzulrok|zwysc{uddeupzulrok|zwysc{uddeupzulrok|zwysc{uddeupzulrok|zwysc{uddeupzulrok|zwysc{uddeupzulrok|zwysc{000000000000000000000000000000000000000000000000000000000000000000000000000000"},
{ "epoch":3, "generation":7, "position":27, "genome": "uddfeupzulrok|zwysc{uddeupzulrok|zwysc{uddeupzulrok|zwysc{uddeupzulrok|zwysc{uddeupzulrok|zwysc{uddeupzulrok|zwysc{uddeupzulrok|zwysc{udddeupzulroooooookkkkk|zwysc{uddeupzullrrroooooooooooooooooooooooooooooook||zwysc{uuddddddeuppzulrok|zwysc{udddddddeupzulrok|zwysc{uddeupzulrok|zwysc{uddeupzulrok|zwysc{uddeupzulrok|zwysc{uddeupzulrok|zwysc{uddeupzulrok|zwysc{uddeupzulrok|zwysc{uddeupzulrok|zwysc{uddeupzulrok|zwysc{uddeupzulrok|zwysc{uddeupzulrok|zwysc{uddeupzulrok|zwysc{uddeupzulrok|zwysc{uddeupzulrok|zwysc{uddeupzulrok|zwysc{uddeupzulrok|zwysc{uddeupzulrok|zwysc{uddeupzulrok|zwysc{uddeupzulrok|zwysc{uddeupzulrok|zwysc{uddeupzulrok|zwysc{uddeupzulrok|zwysc{000000000000000000000000000000000000000000000000000000000000000"},
{ "epoch":3, "generation":7, "position":28, "genome": "uddfeupzulrok|zwysc{uddeupzulrok|zwysc{uddeupzulrok|zwysc{uddeupzulrok|zwysc{uddeupzulrok|zwysc{uddeupzulrok|zwysc{uddeupzulrok|zwysc{udddeupzulroooooookkkkk|zwysc{uddeupzullrrooooooooooooooooook|zzwyssc{uudddddeupzzulrok|zwwyyyscc{udddeupzulrok|zwyyyyyyysssc{uddeupzulrok|zwysc{uddeupzulrok|zwysc{uddeupzulrok|zwysc{uddeupzulrok|zwysc{uddeupzulrok|zwyscc{uddeupzulrok|zwysc{uddddddeuupppzulrok|zwysc{uddeupzulrok|zwysc{uddeupzulrok|zwysc{uddeupzulrok|zwysc{uddeupzulrok|zwysc{uddeupzulrok|zwysc{uddeupzulrok|zwysc{uddeupzulrok|zwysc{uddeupzulrok|zwysc{uddeupzulrok|zwysc{uddeupzulrok|zwysc{uddeupzulrok|zwysc{uddeupzulrok|zwysc{uddeupzulrok|zwysc{uddeupzulrok|zwysc{000000000000000000000000000000000000000000000000000000000000000000000000000000000000000"},
{ "epoch":3, "generation":7, "position":29, "genome": "fygxf|sku}pnkfygx|sku}pnkfygx|sku}pnkfygx|sku}pnkfygx|sku}pnkfygx|sku}}pnkfygggx|sku}pnkfygx|sku}pnkfygx|sku}pnkfygx|sku}}}pnkkkkkkffygx|sssku}pnkfygxx|sku}ppnkfygx|sku}pnkfygx|sku}pnkfygx|sku}pnkfygx|sku}pnkfyyyyyygx|sku}pnkffygx|sku}pnkfygx|sku}pnkfygx|sku}pnkfygx|sku}pnkfygx|sku}pnkfygx|sku}pnkfygx|sku}pnkfygx|sku}pnkfygx|sku}pnkfygx|sku}pnkfygx|sku}pnkfygx|sku}pnkfygx|sku}pnkfygx|sku}pnkfygx|sku}pnk00000000000000000000000000000000000000000000000000000000000000000000000000000000000"},
{ "epoch":3, "generation":7, "position":30, "genome": "uddfeupzulrok|zwysc{uddeupzulrok|zwysc{uddeupzulrok|zwysc{uddeupzulrok|zwysc{uddeupzulrok|zwysc{uddeupzulrok|zwysc{uddeupzulrok|zwysc{udddeupzulroooooookkkkk|zwysc{uddeupzullrroooooooooooooook||||zwwwwyssc{{{{{uddeeupzulrok||zwysc{uddeupzzulrrrrook|zwwysc{uddddddeuppzulrok|zwysc{uddeupzulrok|zwysc{uddeupzulrok|zwysc{{uddeupzulrok|zwysc{uddeupzulrok|zwysc{{uddeupzulrok|zwysc{uddeupzulrok|zwysc{{uddeuupzulrok|zwysc{uddeupzulrok|zwysc{uddeupzulrok|zwysc{uddeupzulrok|zwysc{uddeupzulrok|zwysc{uddeupzulrok|zwysc{uddeupzulrok|zwysc{uddeupzulrok|zwysc{uddeupzulrok|zwysc{uddeupzulrok|zwysc{uddeupzulrok|zwysc{uddeupzulrok|zwysc{uddeupzulrok|zwysc{uddeupzulrok|zwysc{0000000000000000000000000000000000000000000000000000000000000000000000000000000000000000"},
{ "epoch":3, "generation":7, "position":31, "genome": "uddceupzulrok|zwysc{uddeupzulrok|zwysc{uddeupzulrok|zwysc{uddeupzulrok|zwysc{uddeupzulrok|zwysc{uddeupzulrok|zwysc{uddeupzulrok|zwysc{udddeupzulroooooookkkkk|zwysc{uddeupzuuullrrroooooooooooooooook||||zzwwwysc{{{{{{uddeupzulrrok|zwwwwwwwwwwwwysc{uddeuuupzullrok|zwysc{uddeupzulrok|zwysc{uddeupzulrok|zwysc{uddeuppzuuuulrrrrokk|zwysc{uddeupzulrok|zwysc{uddeupzulrok|zwysc{uddeupzulrok|zwysc{uddeupzulrok|zwysc{uddeupzulrok|zwysc{uddeupzulrok|zwysc{uddeupzulrok|zwysc{uddeupzulrok|zwysc{uddeupzulrok|zwysc{uddeupzulrok|zwysc{uddeupzulrok|zwysc{uddeupzulrok|zwysc{uddeupzulrok|zwysc{uddeupzulrok|zwysc{uddeupzulrok|zwysc{uddeupzulrok|zwysc{uddeupzulrok|zwysc{uddeupzulrok|zwysc{0000000000000000000000000000000000000000000000000000000000000000000000000000000000"},
{ "epoch":3, "generation":6, "position":32, "genome": "|v~cagc~pgjglnmg|v~agc~pgjglnmg|v~agc~pgjglnmg|v~agc~pgjglnmg|v~agc~pgjglnmg|v~agc~pgjglnmg|v~agc~pgjglnmg|v~agc~pgjglnmg|v~agc~pgjglnmg|v~agc~~pgjglnmg|v~aggc~pgjjjgglnmmg|vv~agcccccccccccccccc~~ppgjjjjjjjgllnnmmmg|v~aaaagc~~pgjggggglnmgggg|vv~agc~pgjjjglnmg|vv~agc~~pgjglnmg|v~agc~pgjglnmg|v~agc~pgjglnmg|v~agc~pgjglnmg|v~agc~pgjglnmg|v~agc~pgjglnmg|v~agc~pgjglnmg|v~agc~pgjglnmg|v~agc~pgjglnmg|v~agc~pgjglnmg|v~agc~pgjglnmg|v~agc~pgjglnmg|v~agc~pgjglnmg|v~agc~pgjglnmg|v~agc~pgjglnmg|v~agc~pgjglnmg|v~agc~pgjglnmg|v~agc~pgjglnmg00000000000000000000000000000000000000000000000000000000000000000000000000000000000000000000000000000000000000000"},
{ "epoch":3, "generation":6, "position":33, "genome": "uddfeupzulrok|zwysc{uddeupzulrok|zwysc{uddeupzulrok|zwysc{uddeupzulrok|zwysc{uddeupzulrok|zwysc{uddeupzulrok|zwysc{uddeupzulrok|zwysc{udddeupzulroooooookkkkk|zwysc{uddeupzullrrrooooooooooooooooooooooooook||zwysc{uuddddddeuppzulrok|zwysc{udddddddeupzulrok|zwysc{uddeupzulrok|zwysc{uddeupzulrok|zwysc{uddeupzulrok|zwysc{uddeupzulrok|zwysc{uddeupzulrok|zwysc{uddeupzulrok|zwysc{uddeupzulrok|zwysc{uddeupzulrok|zwysc{uddeupzulrok|zwysc{uddeupzulrok|zwysc{uddeupzulrok|zwysc{uddeupzulrok|zwysc{uddeupzulrok|zwysc{uddeupzulrok|zwysc{uddeupzulrok|zwysc{uddeupzulrok|zwysc{uddeupzulrok|zwysc{uddeupzulrok|zwysc{uddeupzulrok|zwysc{uddeupzulrok|zwysc{uddeupzulrok|zwysc{000000000000000000000000000000000000000000000000000000000000000"},
{ "epoch":3, "generation":6, "position":34, "genome": "uddfeupzulrok|zwysc{uddeupzulrok|zwysc{uddeupzulrok|zwysc{uddeupzulrok|zwysc{uddeupzulrok|zwysc{uddeupzulrok|zwysc{uddeupzulrok|zwysc{udddeupzulroooooookkkkk|zwysc{uddeupzullrrrrooooooooooooooook|zwysccc{uuuuuddddddddeuupzulrok|zwwyyyscc{uddeupzulrok|zwysc{uddeupzulrok|zwysc{uddeupzulrok|zwysc{uddeupzulrok|zwysc{uddeupzulrok|zwysc{uddeupzulrok|zwysc{uddeupzulrok|zwysc{uddeupzulrok|zwysc{uddeupzulrok|zwysc{uddeupzulrok|zwysc{uddeupzulrok|zwysc{uddeupzulrok|zwysc{uddeupzulrok|zwysc{uddeupzulrok|zwysc{uddeupzulrok|zwysc{uddeupzulrok|zwysc{uddeupzulrok|zwysc{uddeupzulrok|zwysc{uddeupzulrok|zwysc{uddeupzulrok|zwysc{uddeupzulrok|zwysc{uddeupzulrok|zwysc{00000000000000000000000000000000000000000000000000000000000000"},
{ "epoch":3, "generation":5, "position":35, "genome": "uddfeupzulrok|zwysc{uddeupzulrok|zwysc{uddeupzulrok|zwysc{uddeupzulrok|zwysc{uddeupzulrok|zwysc{uddeupzulrok|zwysc{uddeupzulrok|zwysc{udddeupzulroooooookkkkk|zwysc{uddeupzullrrrooooooooooooooooooooooooook||zwysc{uuddddddeuppzulrok|zwysc{udddddddeupzulrok|zwysc{uddeupzulrok|zwysc{uddeupzulrok|zwysc{uddeupzulrok|zwysc{uddeupzulrok|zwysc{uddeupzulrok|zwysc{uddeupzulrok|zwysc{uddeupzulrok|zwysc{uddeupzulrok|zwysc{uddeupzulrok|zwysc{uddeupzulrok|zwysc{uddeupzulrok|zwysc{uddeupzulrok|zwysc{uddeupzulrok|zwysc{uddeupzulrok|zwysc{uddeupzulrok|zwysc{uddeupzulrok|zwysc{uddeupzulrok|zwysc{uddeupzulrok|zwysc{uddeupzulrok|zwysc{uddeupzulrok|zwysc{uddeupzulrok|zwysc{00000000000000000000000000000000000000000000000000000000000000"},
{ "epoch":3, "generation":5, "position":36, "genome": "uddfeupzulrok|zwysc{uddeupzulrok|zwysc{uddeupzulrok|zwysc{uddeupzulrok|zwysc{uddeupzulrok|zwysc{uddeupzulrok|zwysc{uddeupzulrok|zwysc{udddeupzulroooooookkkkk|zwysc{uddeupzullrrooooooooooooooooooooooook||zwysc{uuddddddeuppzulrok||zwysc{udddddddeupzulrok|zwysc{uddeupzulrok|zwysc{uuddeupzulrok|zwysc{uddeupzulrok|zwysc{uddeupzulrok|zwysc{uddeupzulrok|zwysc{uddeupzulrok|zwysc{uddeupzulrok|zwysc{uddeupzulrok|zwysc{uddeupzulrok|zwysc{uddeupzulrok|zwysc{uddeupzulrok|zwysc{uddeupzulrok|zwysc{uddeupzulrok|zwysc{uddeupzulrok|zwysc{uddeupzulrok|zwysc{uddeupzulrok|zwysc{uddeupzulrok|zwysc{uddeupzulrok|zwysc{uddeupzulrok|zwysc{uddeupzulrok|zwysc{uddeupzulrok|zwysc{0000000000000000000000000000000000000000000000000000000000000"},
{ "epoch":3, "generation":5, "position":37, "genome": "fygxf|sku}pnkfygx|sku}pnkfygx|sku}pnkfygx|sku}pnkfygx|sku}pnkfygx|sku}}pnkfygggx|sku}pnkfygx|sku}pnkfygx|sku}pnkfygx|sku}}pnkkkkfygx|sku}pnkfygx|sku}ppnkfygx|sku}pnkfygx|sku}pnkfygx|sku}pnkfygx|sku}pnkfyyyyyygx|sku}pnkffygx|sku}pnkfygx|sku}pnkfygx|sku}pnkfygx|sku}pnkfygx|sku}pnkfygx|sku}pnkfygx|sku}pnkfygx|sku}pnkfygx|sku}pnkfygx|sku}pnkfygx|sku}pnkfygx|sku}pnkfygx|sku}pnkfygx|sku}pnkfygx|sku}pnk0000000000000000000000000000000000000000000000000000000000000000"},
{ "epoch":3, "generation":5, "position":38, "genome": "|v~fagc~pgjglnmg|v~agc~pgjglnmg|v~agc~pgjglnmg|v~agc~pgjglnmg|v~agc~pgjglnmg|v~agc~pgjglnmg|v~agc~pgjglnmg|v~agc~pgjglnmg|v~agc~pgjglnmg||v~agc~~pgjglnmg|v~aggc~pgjjjgglnmmg|vv~agcccccccccc~ppgjjjjglnnmg|v~aaagc~~pgjggglnmggg|vv~agc~pgjjjglnmg|vv~agc~~pgjglnmg|v~agc~pgjglnmg|v~agc~pgjglnmg|v~agc~pgjglnmg|v~agc~pgjglnmg|v~agc~pgjglnmg|v~agc~pgjglnmg|v~agc~pgjglnmg|v~agc~pgjglnmg|v~agc~pgjglnmg|v~agc~pgjglnmg|v~agc~pgjglnmg|v~agc~pgjglnmg|v~agc~pgjglnmg|v~agc~pgjglnmg|v~agc~pgjglnmg|v~agc~pgjglnmg|v~agc~pgjglnmg000000000000000000000000000000000000000000000000000000000000000000000000"},
{ "epoch":3, "generation":4, "position":39, "genome": "|v~fagc~pgjglnmg|v~agc~pgjglnmg|v~agc~pgjglnmg|v~agc~pgjglnmg|v~agc~pgjglnmg|v~agc~pgjglnmg|v~agc~pgjglnmg|v~agc~pgjglnmg|v~agc~pgjglnmg|v~agc~~pgjglnmg|v~aggc~pgjjjgglnmmg|vv~agcccccccccc~ppgjjjjglnnmg|v~aaagc~~pgjggglnmggg|vv~agc~pgjjjglnmg|vv~agc~~pgjglnmg|v~agc~pgjglnmg|v~agc~pgjglnmg|v~agc~pgjglnmg|v~agc~pgjglnmg|v~agc~pgjglnmg|v~agc~pgjglnmg|v~agc~pgjglnmg|v~agc~pgjglnmg|v~agc~pgjglnmg|v~agc~pgjglnmg|v~agc~pgjglnmg|v~agc~pgjglnmg|v~agc~pgjglnmg|v~agc~pgjglnmg|v~agc~pgjglnmg|v~agc~pgjglnmg|v~agc~pgjglnmg000000000000000000000000000000000000000000000000000000000000000000000"}]