[{ "epoch":3, "generation":1, "position":0, "genome": "wvucrgzarqzkbas~xwvuwrgzarqzkbas~xwvuwrgzarqzkbas~xwvuwrgzarqzkbas~xwvuwrgzarqzkbas~xwvuwrgzarqzkbbaas~~~xwwvuwrgzaarqzkbas~xwvuwrgzarqzkbas~xwvuwrgzarqzkbas~xwvuwrgzarqzkbas~xwvuuwrrgzarqzkbas~xwvuwrgzarqzkbas~xwvuwrgzarqzkbas~xwvuwrgzarqzkbas~xwvuwrgzarqzkbas~xwvuwrgzarqzkbas~xwvuwrgzarqzkbas~xwvuwrgzarqzkkkkbbas~xwvuwrgzarqzkbas~xwvuwrgzarqzkbas~xwvuwrgzarqzkbas~xwvuwrgzarqzkbas~xwvuwrgzarqzkbas~xwvuwrgzarqzkbas~xwvuwrgzarqzkbas~xwvuwrgzarqzkbas~xwvuwrgzarqzkbas~xwvuwrgzarqzkbas~xwvuwrgzarqzkbas~xwvuwrgzarqzkbas~xwvuwrgzarqzkbas~xwvuwrgzarqzkbas~x000000000000000000000000000000000000000000000000000000"},
{ "epoch":3, "generation":0, "position":1, "genome": "wvuwrgzarqzkbas~xwvuwrgzarqzkbas~xwvuwrgzarqzkbas~xwvuwrgzarqzkbas~xwvuwrgzarqzkbas~xwvuwrgzarqzkbbaas~~~xwwvuwrgzaarqzkbas~xwvuwrgzarqzkbas~xwvuwrgzarqzkbas~xwvuwrgzarqzkbas~xwvuwrgzarqzkbas~xwvuwrgzarqzkbas~xwvuwrgzarqzkbas~xwvuwrgzarqzkbas~xwvuwrgzarqzkbas~xwvuwrgzarqzkbas~xwvuwrgzarqzkbas~xwvuwrgzarqzkbas~xwvuwrgzarqzkbas~xwvuwrgzarqzkbas~xwvuwrgzarqzkbas~xwvuwrgzarqzkbas~xwvuwrgzarqzkbas~xwvuwrgzarqzkbas~xwvuwrgzarqzkbas~xwvuwrgzarqzkbas~xwvuwrgzarqzkbas~xwvuwrgzarqzkbas~xwvuwrgzarqzkbas~xwvuwrgzarqzkbas~xwvuwrgzarqzkbas~xwvuwrgzarqzkbas~x00000000000000000000000000000000000"},
{ "epoch":3, "generation":0, "position":2, "genome": "lpk~~fwmkdyzizlpk~~fwmkdyzizlpk~~fwmkdyzizlpk~~fwmkdyzizlpk~~fwmkdyzizlppk~~fwmkkdyzizlpk~~fwmkdyzzzizlpk~~fwmkdyzizlpk~~fwmkdyzizlpk~~fwmkdyzizlpk~~fwmkdyzizlpk~~fwmkdyzizlpk~~fwmkdyzizlpk~~fwmkdyzizlpk~~fwmkdyzizlpk~~fwmkdyzizlpk~~fwmkdyzizlpk~~fwmkdyzizlpk~~fwmkdyzizlpk~~fwmkdyzizlpk~~fwmkdyzizlpk~~fwmkdyzizlpk~~fwmkdyzizlpk~~fwmkdyzizlpk~~fwmkdyzizlpk~~fwmkdyzizlpk~~fwmkdyzizlpk~~fwmkdyzizlpk~~fwmkdyzizlpk~~fwmkdyzizlpk~~fwmkdyzizlpk~~fwmkdyziz000000000000000000000000"},
{ "epoch":3, "generation":0, "position":3, "genome": "ua}lnrchtftdxua}lnrchtftdxua}lnrchtftdxua}lnrchtftdxua}lnrchtftdxuaa}lnrchtftdxuua}lnrchhhttftdxua}lnrchtftdxua}lnrchtftdxua}lnrchtftdxua}lnrchtftdxua}lnrchtftdxua}lnrchtftdxua}lnrchtftdxua}lnrchtftdxua}lnrchtftdxua}lnrchtftdxua}lnrchtftdxua}lnrchtftdxua}lnrchtftdxua}lnrchtftdxua}lnrchtftdxua}lnrchtftdxua}lnrchtftdxua}lnrchtftdxua}lnrchtftdxua}lnrchtftdxua}lnrchtftdxua}lnrchtftdxua}lnrchtftdxua}lnrchtftdxua}lnrchtftdx00000000000000"},
{ "epoch":3, "generation":0, "position":4, "genome": "w}~icnrqo}zzego{w}~icnrqo}zzego{w}~icnrqo}zzego{w}~icnrqo}zzego{w}~icnrqo}zzego{w}~icnrqo}zzego{w}~icnrqo}zzego{w}~icnrqo}zzego{w}~icnrqo}zzego{w}~icnrqo}zzego{w}~icnrqo}zzego{w}~icnrqo}zzego{w}~icnrqo}zzego{w}~icnrqo}zzego{w}~icnrqo}zzego{w}~icnrqo}zzego{w}~icnrqo}zzego{w}~icnrqo}zzego{w}~icnrqo}zzego{w}~icnrqo}zzego{w}~icnrqo}zzego{w}~icnrqo}zzego{w}~icnrqo}zzego{w}~icnrqo}zzego{w}~icnrqo}zzego{w}~icnrqo}zzego{w}~icnrqo}zzego{w}~icnrqo}zzego{w}~icnrqo}zzego{w}~icnrqo}zzego{w}~icnrqo}zzego{w}~icnrqo}zzego{00"},
]