[{ "epoch":3, "generation":1, "position":0, "genome": "cfsf{t~ktna{t}vlddcfsm{t~ktna{t}vlddcfsm{t~ktna{t}vlddcfsm{t~ktna{t}vlddcfsm{t~ktna{t}vlddcfsm{t~ktna{t}vlddcfsm{t~ktna{t}vlddcfsm{t~ktna{t}vlddcfsm{t~ktna{t}vlddcfsm{t~ktna{t}vlddccffsm{t~ktna{t}vlddcfsm{t~ktna{t}vldddcfsm{t~ktna{{t}}vldddddcfsm{t~ktna{{t}vlddcfsm{t~ktna{t}vlddcfsm{t~ktna{t}vlddcfsm{t~ktna{t}vlddcfsm{t~ktna{t}vlddcfsm{t~ktna{t}vlddcfsm{t~ktna{t}vlddcfsm{t~ktna{t}vlddcfsm{t~ktna{t}vlddcfsm{t~ktna{t}vlddcfsm{t~ktna{t}vlddcfsm{t~ktna{t}vlddcfsm{t~ktna{t}vlddcfsm{t~ktna{t}vlddcfsm{t~ktna{t}vlddcfsm{t~ktna{t}vlddcfsm{t~ktna{t}vlddcfsm{t~ktna{t}vlddcfsm{t~ktna{t}vldd00000000000000000"},
{ "epoch":3, "generation":1, "position":1, "genome": "wvucrgzarqzkbas~xwvuwrgzarqzkbas~xwvuwrgzarqzkbas~xwvuwrgzarqzkbas~xwvuwrgzarqzkbas~xwvuwrgzarqzkbbaas~~~xwwvuwrgzaarqzkbas~xwvuwrgzarqzkbas~xwvuwrgzarqzkbas~xwvuwrgzarqzkbas~xwvuuwrrgzarqzkbas~xwvuwrgzarqzkbas~xwvuwrgzarqzkbas~xwvuwrgzarqzkbas~xwvuwrgzarqzkbas~xwvuwrgzarqzkbas~xwvuwrgzarqzkbas~xwvuwrgzarqzkkkkbbas~xwvuwrgzarqzkbas~xwvuwrgzarqzkbas~xwvuwrgzarqzkbas~xwvuwrgzarqzkbas~xwvuwrgzarqzkbas~xwvuwrgzarqzkbas~xwvuwrgzarqzkbas~xwvuwrgzarqzkbas~xwvuwrgzarqzkbas~xwvuwrgzarqzkbas~xwvuwrgzarqzkbas~xwvuwrgzarqzkbas~xwvuwrgzarqzkbas~xwvuwrgzarqzkbas~x000000000000000000000000000000000000000000000000000000"},
{ "epoch":3, "generation":0, "position":2, "genome": "cfsm{t~ktna{t}vlddcfsm{t~ktna{t}vlddcfsm{t~ktna{t}vlddcfsm{t~ktna{t}vlddcfsm{t~ktna{t}vlddcfsm{t~ktna{t}vlddcfsm{t~ktna{t}vlddcfsm{t~ktna{t}vlddcfsm{t~ktna{t}vlddcfsm{t~ktna{t}vlddcfsm{t~ktna{t}vlddcfsm{t~ktna{t}vlddcfsm{t~ktna{t}vlddcfsm{t~ktna{{t}vlddcfsm{t~ktna{t}vlddcfsm{t~ktna{t}vlddcfsm{t~ktna{t}vlddcfsm{t~ktna{t}vlddcfsm{t~ktna{t}vlddcfsm{t~ktna{t}vlddcfsm{t~ktna{t}vlddcfsm{t~ktna{t}vlddcfsm{t~ktna{t}vlddcfsm{t~ktna{t}vlddcfsm{t~ktna{t}vlddcfsm{t~ktna{t}vlddcfsm{t~ktna{t}vlddcfsm{t~ktna{t}vlddcfsm{t~ktna{t}vlddcfsm{t~ktna{t}vlddcfsm{t~ktna{t}vlddcfsm{t~ktna{t}vldd"},
{ "epoch":3, "generation":0, "position":3, "genome": "{buclyobnzu~c{fo{buclyobnzu~c{fo{buclyobnzu~c{fo{buclyobnzu~c{fo{buclyobnzu~c{fo{buclyobnzu~c{fo{buclyobnzu~c{fo{buclyobnzu~c{fo{buclyobnzu~c{fo{buclyobnzu~c{fo{buclyobnzu~c{fo{buclyobnzu~c{fo{buclyobnzu~c{fo{buclyobnzu~c{fo{buclyobnzu~c{fo{buclyobnzu~c{fo{buclyobnzu~c{fo{buclyobnzu~c{fo{buclyobnzu~c{fo{buclyobnzu~c{fo{buclyobnzu~c{fo{buclyobnzu~c{fo{buclyobnzu~c{fo{buclyobnzu~c{fo{buclyobnzu~c{fo{buclyobnzu~c{fo{buclyobnzu~c{fo{buclyobnzu~c{fo{buclyobnzu~c{fo{buclyobnzu~c{fo{buclyobnzu~c{fo{buclyobnzu~c{fo"},
{ "epoch":3, "generation":0, "position":4, "genome": "wvucrgzarqzkbas~xwvuwrgzarqzkbas~xwvuwrgzarqzkbas~xwvuwrgzarqzkbas~xwvuwrgzarqzkbas~xwvuwrgzarqzkbbaas~~~xwwvuwrgzaarqzkbas~xwvuwrgzarqzkbas~xwvuwrgzarqzkbas~xwvuwrgzarqzkbas~xwvuuwrrgzarqzkbas~xwvuwrgzarqzkbas~xwvuwrgzarqzkbas~xwvuwrgzarqzkbas~xwvuwrgzarqzkbas~xwvuwrgzarqzkbas~xwvuwrgzarqzkbas~xwvuwrgzarqzkkkkbbas~xwvuwrgzarqzkbas~xwvuwrgzarqzkbas~xwvuwrgzarqzkbas~xwvuwrgzarqzkbas~xwvuwrgzarqzkbas~xwvuwrgzarqzkbas~xwvuwrgzarqzkbas~xwvuwrgzarqzkbas~xwvuwrgzarqzkbas~xwvuwrgzarqzkbas~xwvuwrgzarqzkbas~xwvuwrgzarqzkbas~xwvuwrgzarqzkbas~xwvuwrgzarqzkbas~x00000000000000000000000000000000000000000000000000000000"},
{ "epoch":3, "generation":0, "position":5, "genome": "wvuwrgzarqzkbas~xwvuwrgzarqzkbas~xwvuwrgzarqzkbas~xwvuwrgzarqzkbas~xwvuwrgzarqzkbas~xwvuwrgzarqzkbbaas~~~xwwvuwrgzaarqzkbas~xwvuwrgzarqzkbas~xwvuwrgzarqzkbas~xwvuwrgzarqzkbas~xwvuwrgzarqzkbas~xwvuwrgzarqzkbas~xwvuwrgzarqzkbas~xwvuwrgzarqzkbas~xwvuwrgzarqzkbas~xwvuwrgzarqzkbas~xwvuwrgzarqzkbas~xwvuwrgzarqzkbas~xwvuwrgzarqzkbas~xwvuwrgzarqzkbas~xwvuwrgzarqzkbas~xwvuwrgzarqzkbas~xwvuwrgzarqzkbas~xwvuwrgzarqzkbas~xwvuwrgzarqzkbas~xwvuwrgzarqzkbas~xwvuwrgzarqzkbas~xwvuwrgzarqzkbas~xwvuwrgzarqzkbas~xwvuwrgzarqzkbas~xwvuwrgzarqzkbas~xwvuwrgzarqzkbas~x00000000000000000000000000000000000"},
{ "epoch":3, "generation":0, "position":6, "genome": "lpk~~fwmkdyzizlpk~~fwmkdyzizlpk~~fwmkdyzizlpk~~fwmkdyzizlpk~~fwmkdyzizlppk~~fwmkkdyzizlpk~~fwmkdyzzzizlpk~~fwmkdyzizlpk~~fwmkdyzizlpk~~fwmkdyzizlpk~~fwmkdyzizlpk~~fwmkdyzizlpk~~fwmkdyzizlpk~~fwmkdyzizlpk~~fwmkdyzizlpk~~fwmkdyzizlpk~~fwmkdyzizlpk~~fwmkdyzizlpk~~fwmkdyzizlpk~~fwmkdyzizlpk~~fwmkdyzizlpk~~fwmkdyzizlpk~~fwmkdyzizlpk~~fwmkdyzizlpk~~fwmkdyzizlpk~~fwmkdyzizlpk~~fwmkdyzizlpk~~fwmkdyzizlpk~~fwmkdyzizlpk~~fwmkdyzizlpk~~fwmkdyzizlpk~~fwmkdyziz000000000000000000000000"},
{ "epoch":3, "generation":0, "position":7, "genome": "cfsm{t~ktna{t}vlddcfsm{t~ktna{t}vlddcfsm{t~ktna{t}vlddcfsm{t~ktna{t}vlddcfsm{t~ktna{t}vlddcfsm{t~ktna{t}vlddcfsm{t~ktna{t}vlddcfsm{t~ktna{t}vlddcfsm{t~ktna{t}vlddcfsm{t~ktna{t}vlddcfsm{t~ktna{t}vlddcfsm{t~ktna{t}vlddcfsm{t~ktna{t}vlddcfsm{t~ktna{{t}vlddcfsm{t~ktna{t}vlddcfsm{t~ktna{t}vlddcfsm{t~ktna{t}vlddcfsm{t~ktna{t}vlddcfsm{t~ktna{t}vlddcfsm{t~ktna{t}vlddcfsm{t~ktna{t}vlddcfsm{t~ktna{t}vlddcfsm{t~ktna{t}vlddcfsm{t~ktna{t}vlddcfsm{t~ktna{t}vlddcfsm{t~ktna{t}vlddcfsm{t~ktna{t}vlddcfsm{t~ktna{t}vlddcfsm{t~ktna{t}vlddcfsm{t~ktna{t}vlddcfsm{t~ktna{t}vlddcfsm{t~ktna{t}vldd"},
{ "epoch":3, "generation":0, "position":8, "genome": "qwbvg|pwjnlm|qqna|oqwbvg|pwjnlm|qqna|oqwbvg|pwjnlm|qqna|oqwbvg|pwjnlm|qqna|oqwbvg|pwjnlm|qqna|oqwbvg|pwjnlm|qqna|oqwbvg|pwjnlm|qqna|oqwbvg|pwjnlm|qqna|oqwbvg|pwjnlm|qqna|oqwbvg|pwjnlm|qqna|oqwbvg|pwjnlm|qqna|oqwbvg|pwjnlm|qqna|oqwbvg|pwjnlm|qqna|oqwbvg|pwjnlm|qqna|oqwbvg|pwjnlm|qqna|oqwbvg|pwjnlm|qqna|oqwbvg|pwjnlm|qqna|oqwbvg|pwjnlm|qqna|oqwbvg|pwjnlm|qqna|oqwbvg|pwjnlm|qqna|oqwbvg|pwjnlm|qqna|oqwbvg|pwjnlm|qqna|oqwbvg|pwjnlm|qqna|oqwbvg|pwjnlm|qqna|oqwbvg|pwjnlm|qqna|oqwbvg|pwjnlm|qqna|oqwbvg|pwjnlm|qqna|oqwbvg|pwjnlm|qqna|oqwbvg|pwjnlm|qqna|oqwbvg|pwjnlm|qqna|oqwbvg|pwjnlm|qqna|oqwbvg|pwjnlm|qqna|o"},
{ "epoch":3, "generation":0, "position":9, "genome": "bspbszhzu{mzkbspbszhzu{mzkbspbszhzu{mzkbspbszhzu{mzkbspbszhzu{mzkbspbszhzu{mzkbspbszhzu{mzkbspbszhzu{mzkbspbszhzu{mzkbspbszhzu{mzkbspbszhzu{mzkbspbszhzu{mzkbspbszhzu{mzkbspbszhzu{mzkbspbbszhzu{mzkbspbszhzu{mzkbspbszhzu{mzkbspbszhzu{mzkbspbszhzu{mzkbspbszhzu{mzkbspbszhzu{mzkbspbszhzu{mzkbspbszhzu{mzkbspbszhzu{mzkbspbszhzu{mzkbspbszhzu{mzkbspbszhzu{mzkbspbszhzu{mzkbspbszhzu{mzkbspbszhzu{mzkbspbszhzu{mzkbspbszhzu{mzk0"},
{ "epoch":3, "generation":0, "position":10, "genome": "fksflqxrhmvh~atoofksflqxrhmvh~atoofksflqxrhmvh~atoofksflqxrhmvh~atoofksflqxrhmvh~atoofksflqxrhmvh~atoofksflqxrhmvh~atoofksflqxrhmvh~atoofksflqxrhmvh~atoofksflqxrhmvh~atoofksflqxrhmvh~atoofksflqxrhmvh~atoofksflqxrhmvh~atoofksflqxrhmvh~atoofksflqxrhmvh~atooofksflqxrhmvh~atoofksflqxrhmvh~atoofksflqxrhmvh~attoofksflqxrhmvh~atoofksflqxrhmvh~atoofkssflqxrhmvh~atoofksflqxrhmvh~attoofksflqxrhmvh~atooffkssflqxrhmvh~atoofksflqxrhmvh~atooffksflqxrhmvh~atoofksflqxxrhmvh~atoofksflqxrhmvh~atoofksflqxxrhmvh~atoofksflqxrhmvh~atoofksflqxrhmvh~atoofksflqxrhmvh~atoo000000000000"},
{ "epoch":3, "generation":0, "position":11, "genome": "izymzucsarf~v}bizymzucsarf~v}bizymzucsarf~v}bizymzucsarf~v}bizymzucsarf~v}bizymzucsarf~v}bizymzucsarf~v}bizymzucsarf~v}bizymzucsarf~v}bizymzucsarf~v}bizymzucsarf~v}bizymzucsarf~v}bizymzucsarf~v}bizymzucsarf~v}bizyymzucsarf~v}bizymzucsarf~v}bizymzucsarf~v}bizymzucsarf~v}bizymzucsarf~v}bizymzucsarf~v}bizymzucsarf~v}bizymzucsarf~v}bizymzucsarf~v}bizymzucsarf~v}bizymzucsarf~v}bizymzucsarf~v}bizymzucsarf~v}bizymzucsarf~v}bizymzucsarf~v}bizymzucsarf~v}bizymzucsarf~v}bizymzucsarf~v}b0"},
{ "epoch":3, "generation":0, "position":12, "genome": "negqbpmkhntth}lxovnegqbpmkhntth}lxovnegqbpmkhntth}lxovnegqbpmkhntth}lxovnegqbpmkhntth}lxovnegqbpmkhntth}lxovnegqbpmkhntth}lxovnegqbpmkhntth}lxovnegqbpmkhntth}lxovnegqbpmkhntth}lxovnegqbpmkhntth}lxovnegqbpmkhntth}lxovnegqbpmkhntth}lxovnegqbpmkhntth}lxovnegqbpmkhntth}lxovnegqbpmkhntth}lxovnegqbpmkhntth}lxovnegqbpmkhntth}lxovnegqbpmkhntth}lxovnegqbpmkhntth}lxovnegqbpmkhntth}lxovnegqbpmkhntth}lxovnegqbpmkhntth}lxovnegqbpmkhntth}lxovnegqbpmkhntth}lxovnegqbpmkhntth}lxovnegqbpmkhntth}lxovnegqbpmkhntth}lxovnegqbpmkhntth}lxovnegqbpmkhntth}lxovnegqbpmkhntth}lxovnegqbpmkhntth}lxov"},
{ "epoch":3, "generation":0, "position":13, "genome": "ywjvacjln}{j~wywjvacjln}{j~wywjvacjln}{j~wywjvacjln}{j~wywjvacjln}{j~wywjvacjln}{j~wywjvacjln}{j~wywjvacjln}{j~wywjvacjln}{j~wywjvacjln}{j~wywjvacjln}{j~wywjvacjln}{j~wywjvacjln}{j~wywjvacjln}{j~wywjvacjln}{j~wywjvacjln}{j~wywjvacjln}{j~wywjvacjln}{j~wywjvacjln}{j~wywjvacjln}{j~wywjvvacjln}{j~wywjvacjln}{j~wywjvacjln}{j~wywjvacjln}{j~wywjvacjln}{j~wywjvacjln}{j~wywjvacjln}{j~wywjvacjln}{j~wywjvacjln}{j~wywjvacjln}{j~wywjvacjln}{j~wywjvacjln}{j~w000000"},
{ "epoch":3, "generation":0, "position":14, "genome": "~{jmqvokoghkrz~~{jmqvokoghkrz~~{jmqvokoghkrz~~{jmqvokoghkrz~~{jmqvokoghkrz~~{jmqvokoghkrz~~{jmqvokoghkrz~~{jmqvokoghkrz~~{jmqvokoghkrz~~{jmqvokoghkrz~~{jmqvokoghkrz~~{jmqvokoghkrz~~{jmqvokoghkrz~~{jmqvokoghkrz~~{{jmqvokoghkrz~~{jmqvokoghkrz~~{jmqvokoghkrz~~{jmqvokoghkrz~~{jmqvokoghkrz~~{jmqvokoghkrz~~{jmqvokoghkrz~~{jmqvokoghkrz~~{jmqvokoghkrz~~{jmqvokoghkrz~~{jmqvokoghkrz~~{jmqvokoghkrz~~{jmqvokoghkrz~~{jmqvokoghkrz~~{jmqvokoghkrz~~{jmqvokoghkrz~~{jmqvokoghkrz~~{jmqvokoghkrz~0"},
{ "epoch":3, "generation":0, "position":15, "genome": "n{kpr{~xkikv{yrjun{kpr{~xkikv{yrjun{kpr{~xkikv{yrjun{kpr{~xkikv{yrjun{kpr{~xkikv{yrjun{kpr{~xkikv{yrjun{kpr{~xkikv{yrjun{kpr{~xkikv{yrjun{kpr{~xkikv{yrjun{kpr{~xkikv{yrjun{kpr{~xkikv{yrjun{kpr{~xkikv{yrjun{kpr{~xkikv{yrjun{kpr{~xkikv{yrjun{kpr{~xkikv{yrjun{kpr{~xkikv{yrjun{kpr{~xkikv{yrjun{kpr{~xkikv{yrjun{kpr{~xkikv{yrjun{kpr{~xkikv{yrjun{kpr{~xkikv{yrjun{kpr{~xkikv{yrjun{kpr{~xkikv{yrjun{kpr{~xkikv{yrjun{kpr{~xkikv{yrjun{kpr{~xkikv{yrjun{kpr{~xkikv{yrjun{kpr{~xkikv{yrjun{kpr{~xkikv{yrjun{kpr{~xkikv{yrjun{kpr{~xkikv{yrjun{kpr{~xkikv{yrju"},
{ "epoch":3, "generation":0, "position":16, "genome": "i~qcg~morw|mdtrjzi~qcg~morw|mdtrjzi~qcg~morw|mdtrjzi~qcg~morw|mdtrjzi~qcg~morw|mdtrjzi~qcg~morw|mdtrjzi~qcg~morw|mdtrjzi~qcg~morw|mdtrjzi~qcg~morw|mdtrjzi~qcg~morw|mdtrjzi~qcg~morw|mdtrjzi~qcg~morw|mdtrjzi~qcg~morw|mdtrjzi~qcg~morw|mdtrjzi~qcg~morw|mdtrjzi~qcg~morw|mdtrjzi~qcg~morw|mdtrjzi~qcg~morw|mdtrjzi~qcg~morw|mdtrjzi~qcg~morw|mdtrjzi~qcg~morw|mdtrjzi~qcg~morw|mdtrjzi~qcg~morw|mdtrjzi~qcg~morw|mdtrjzi~qcg~morw|mdtrjzi~qcg~morw|mdtrjzi~qcg~morw|mdtrjzi~qcg~morw|mdtrjzi~qcg~morw|mdtrjzi~qcg~morw|mdtrjzi~qcg~morw|mdtrjzi~qcg~morw|mdtrjz"},
{ "epoch":3, "generation":0, "position":17, "genome": "dctusae~luiavpdctusae~luiavpdctusae~luiavpdctusae~luiavpdctusae~luiavpdctusae~luiavpdctusae~luiavpdctusae~luiavpdctusae~luiavpdctusae~luiavpdctusae~luiavpdctusae~luiavpdctusae~luiavpdctusae~luiavpdctusae~luiavpdctusae~luiavpdctusae~luiavpdctusae~luiavpdctusae~luiavpdctusae~luiavpdctusae~luiavpdctusae~luiavpdctusae~luiavpdctusae~luiavpdctusae~luiavpdctusae~luiavpdctusae~luiavpdctusae~luiavpdctusae~luiavpdctusae~luiavpdctusae~luiavpdctusae~luiavp0"},
{ "epoch":3, "generation":0, "position":18, "genome": "jhlhkda}qpwxgrjhlhkda}qpwxgrjhlhkda}qpwxgrjhlhkda}qpwxgrjhlhkda}qpwxgrjhlhkda}qpwxgrjhlhkda}qpwxgrjhlhkda}qpwxgrjhlhkda}qpwxgrjhlhkda}qpwxgrjhlhkda}qpwxgrjhlhkda}qpwxgrjhlhkda}qpwxgrjhlhkda}qpwxgrjhlhkda}qpwxgrjhlhkda}qpwxgrjhlhkda}qpwxgrjhlhkda}qpwxgrjhlhkda}qpwxgrjhlhkda}qpwxgrjhlhkda}qpwxgrjhlhkda}qpwxgrjhlhkda}qpwxgrjhlhkda}qpwxgrjhlhkda}qpwxgrjhlhkda}qpwxgrjhlhkda}qpwxgrjhlhkda}qpwxgrjhlhkda}qpwxgrjhlhkda}qpwxgrjhlhkda}qpwxgrjhlhkda}qpwxgr"},
{ "epoch":3, "generation":0, "position":19, "genome": "{buclyobnzu~c{fo{buclyobnzu~c{fo{buclyobnzu~c{fo{buclyobnzu~c{fo{buclyobnzu~c{fo{buclyobnzu~c{fo{buclyobnzu~c{fo{buclyobnzu~c{fo{buclyobnzu~c{fo{buclyobnzu~c{fo{buclyobnzu~c{fo{buclyobnzu~c{fo{buclyobnzu~c{fo{buclyobnzu~c{fo{buclyobnzu~c{fo{buclyobnzu~c{fo{buclyobnzu~c{fo{buclyobnzu~c{fo{buclyobnzu~c{fo{buclyobnzu~c{fo{buclyobnzu~c{fo{buclyobnzu~c{fo{buclyobnzu~c{fo{buclyobnzu~c{fo{buclyobnzu~c{fo{buclyobnzu~c{fo{buclyobnzu~c{fo{buclyobnzu~c{fo{buclyobnzu~c{fo{buclyobnzu~c{fo{buclyobnzu~c{fo{buclyobnzu~c{fo"},
{ "epoch":3, "generation":0, "position":20, "genome": "rwncvdztc{jyvdqntdrwncvdztc{jyvdqntdrwncvdztc{jyvdqntdrwncvdztc{jyvdqntdrwncvdztc{jyvdqntdrwncvdztc{jyvdqntdrwncvdztc{jyvdqntdrwncvdztc{jyvdqntdrwncvdztc{jyvdqntdrwncvdztc{jyvdqntdrwncvdztc{jyvdqntdrwncvdztc{jyvdqntdrwncvdztc{jyvdqntdrwncvdztc{jyvdqntdrwnnccvdztc{jyvdqntdrwncvdztcc{jyvdqntdrwncvdztc{jyvdqntdrwncvdztc{jyvdqntdrwncvdztc{jyvdqntdrwncvdztc{jyvdqntdrwncvdztc{jyvdqntdrwncvdztc{jyvdqntdrwncvdztc{jyvdqntdrwncvdztc{jyvdqntdrwncvdztc{jyvdqntdrwncvdztc{jyvdqntdrwncvdztc{jyvdqntdrwncvdztc{jyvdqntdrwncvdztc{jyvdqntdrwncvdztc{jyvdqntdrwncvdztc{jyvdqntdrwncvdztc{jyvdqntd00000000000"},
{ "epoch":3, "generation":0, "position":21, "genome": "lppm~vim~bccckyvnwrlppm~vim~bccckyvnwrlppm~vim~bccckyvnwrlppm~vim~bccckyvnwrlppm~vim~bccckyvnwrlppm~vim~bccckyvnwrlppm~vim~bccckyvnwrlppm~vim~bccckyvnwrlppm~vim~bccckyvnwrlppm~vim~bccckyvnwrlppm~vim~bccckyvnwrlppm~vim~bccckyvnwrlppm~vim~bccckyvnwrlppm~vim~bccckyvnwrlppm~vim~bccckyvnwrlppm~vim~bccckyvnwrlppm~vim~bccckyvnwrlppm~vim~bccckyvnwrlppm~vim~bccckyvnwrlppm~vim~bccckyvnwrlppm~vim~bccckyvnwrlppm~vim~bccckyvnwrlppm~vim~bccckyvnwrlppm~vim~bccckyvnwrlppm~vim~bccckyvnwrlppm~vim~bccckyvnwrlppm~vim~bccckyvnwrlppm~vim~bccckyvnwrlppm~vim~bccckyvnwrlppm~vim~bccckyvnwrlppm~vim~bccckyvnwrlppm~vim~bccckyvnwr"},
]