[{ "epoch":2, "generation":8, "position":0, "genome": "uddgeupzulrok|zwysc{uddeupzulrok|zwysc{uddeupzulrok|zwysc{uddeupzulrok|zwysc{uddeupzulrok|zwysc{uddeupzulrok|zwysc{uddeupzulrok|zwysc{udddeupzulroooooookkkkk|zwysc{uddeupzullrroooooooooooooooooook||zzzwyscccccc{{uuudddddeuuupzulrok|zwwyyyscc{uddeupzulrok|zwyyyyyyysssc{uddeupzulrok|zwysc{udddeupzulrok|zwysc{uddeupzulrok|zwysc{uddeupzulrok||zwysc{uddeupzulrok|zwysc{uddeeupzulrok|zwysc{uddeupzzulrok|zwysc{uddeupzulrok|zwysc{uddeupzulrok|zwysc{uddeupzulrok|zwysc{uddeupzulrok|zwysc{uddeupzulrok|zwysc{uddeupzulrok|zwysc{uddeupzulrok|zwysc{uddeupzulrok|zwysc{uddeupzulrok|zwysc{uddeupzulrok|zwysc{uddeupzulrok|zwysc{uddeupzulrok|zwysc{uddeupzulrok|zwysc{uddeupzulrok|zwysc{0000000000000000000000000000000000000000000000000000000000000000000000000000000000000000"},
{ "epoch":2, "generation":7, "position":1, "genome": "uddfeupzulrok|zwysc{uddeupzulrok|zwysc{uddeupzulrok|zwysc{uddeupzulrok|zwysc{uddeupzulrok|zwysc{uddeupzulrok|zwysc{uddeupzulrok|zwysc{udddeupzulroooooookkkkk|zwysc{uddeupzullrroooooooooooooook||||zwwwwyssc{{{{{uddeeupzulrok||zwysc{uddeupzzulrrrrook|zwwysc{uddddddeuppzulrok|zwysc{uddeupzulrok|zwysc{uddeupzulrok|zwysc{{uddeupzulrok|zwysc{uddeupzulrok|zwysc{{uddeupzulrok|zwysc{uddeupzulrok|zwysc{{uddeuupzulrok|zwysc{uddeupzulrok|zwysc{uddeupzulrok|zwysc{uddeupzulrok|zwysc{uddeupzulrok|zwysc{uddeupzulrok|zwysc{uddeupzulrok|zwysc{uddeupzulrok|zwysc{uddeupzulrok|zwysc{uddeupzulrok|zwysc{uddeupzulrok|zwysc{uddeupzulrok|zwysc{uddeupzulrok|zwysc{uddeupzulrok|zwysc{0000000000000000000000000000000000000000000000000000000000000000000000000000000000000000"},
{ "epoch":2, "generation":7, "position":2, "genome": "uddceupzulrok|zwysc{uddeupzulrok|zwysc{uddeupzulrok|zwysc{uddeupzulrok|zwysc{uddeupzulrok|zwysc{uddeupzulrok|zwysc{uddeupzulrok|zwysc{udddeupzulroooooookkkkk|zwysc{uddeupzullllrroooooooooooooooook|||zwyscc{uuudddddeupzulrok||zzwwysc{{{uddddddddddeeuupzuullrok|zwysc{uddeupzulrok|zwysc{uddeupzulrok|zwysc{uddeupzulrok|zwysc{uddeupzulrok|zwysc{uddeupzulrok|zwysc{uddeupzulrok|zwysc{uddeupzulrok|zwysc{uddeupzulrok|zwysc{uddeupzulrok|zwysc{uddeupzulrok|zwysc{uddeupzulrok|zwysc{uddeupzulrok|zwysc{uddeupzulrok|zwysc{uddeupzulrok|zwysc{uddeupzulrok|zwysc{uddeupzulrok|zwysc{uddeupzulrok|zwysc{uddeupzulrok|zwysc{uddeupzulrok|zwysc{uddeupzulrok|zwysc{uddeupzulrok|zwysc{0000000000000000000000000000000000000000000000000000000000000000000000000000000"},
{ "epoch":2, "generation":7, "position":3, "genome": "uddfeupzulrok|zwysc{uddeupzulrok|zwysc{uddeupzulrok|zwysc{uddeupzulrok|zwysc{uddeupzulrok|zwysc{uddeupzulrok|zwysc{uddeupzulrok|zwysc{udddeupzulroooooookkkkk|zwysc{uddeupzullrrooooooooooooooooook||||zwwwwyssc{{{{{uddeeupzulrok||zwysc{uddeupzzulrrrrook|zwysc{uddeupzulrok|zwysc{uddeupzulrok|zwysc{uddeupzulrok|zwysc{{uddeupzulrok|zwysc{uddeupzulrok|zwysc{{uddeupzulrok|zwysc{uddeupzulrok|zwysc{{uddeuupzulrok|zwysc{uddeupzulrok|zwysc{uddeupzulrok|zwysc{uddeupzulrok|zwysc{uddeupzulrok|zwysc{uddeupzulrok|zwysc{uddeupzulrok|zwysc{uddeupzulrok|zwysc{uddeupzulrok|zwysc{uddeupzulrok|zwysc{uddeupzulrok|zwysc{uddeupzulrok|zwysc{uddeupzulrok|zwysc{uddeupzulrok|zwysc{000000000000000000000000000000000000000000000000000000000000000000000000000000000000"},
{ "epoch":2, "generation":7, "position":4, "genome": "uddceupzulrok|zwysc{uddeupzulrok|zwysc{uddeupzulrok|zwysc{uddeupzulrok|zwysc{uddeupzulrok|zwysc{uddeupzulrok|zwysc{uddeupzulrok|zwysc{udddeupzulroooooookkkkk|zwysc{uddeupzuuullrrroooooooooooooooook||||zzwwwysc{{{{{{uddeupzulrrok|zwwwwwwwwwwwwysc{uddeuuupzullrok|zwysc{uddeupzulrok|zwysc{uddeupzulrok|zwysc{uddeuppzuuuulrrrrokk|zwysc{uddeupzulrok|zwysc{uddeupzulrok|zwysc{uddeupzulrok|zwysc{uddeupzulrok|zwysc{uddeupzulrok|zwysc{uddeupzulrok|zwysc{uddeupzulrok|zwysc{uddeupzulrok|zwysc{uddeupzulrok|zwysc{uddeupzulrok|zwysc{uddeupzulrok|zwysc{uddeupzulrok|zwysc{uddeupzulrok|zwysc{uddeupzulrok|zwysc{uddeupzulrok|zwysc{uddeupzulrok|zwysc{uddeupzulrok|zwysc{uddeupzulrok|zwysc{0000000000000000000000000000000000000000000000000000000000000000000000000000000000"},
{ "epoch":2, "generation":7, "position":5, "genome": "uddfeupzulrok|zwysc{uddeupzulrok|zwysc{uddeupzulrok|zwysc{uddeupzulrok|zwysc{uddeupzulrok|zwysc{uddeupzulrok|zwysc{uddeupzulrok|zwysc{udddeupzulroooooookkkkk|zwysc{uddeupzullrrooooooooooooooooook|zwysssc{{uudddddeupzzulrok|zwwwyyyscc{uddeupzulrok|zwyyyyyyysssc{uddeupzulrok|zwysc{uddeupzulrok|zwysc{uddeupzulrok|zwysc{uddeupzulrok|zwyssc{uddeupzulrok|zwysc{uddeupzulrok|zwysc{uddeupzulroook||zwysssscccccc{uddeupzulrok|zwysc{uddeupzulrok|zwysc{uddeupzulrok|zwysc{uddeupzulrok|zwysc{uddeupzulrok|zwysc{uddeupzulrok|zwysc{uddeupzulrok|zwysc{uddeupzulrok|zwysc{uddeupzulrok|zwysc{uddeupzulrok|zwysc{uddeupzulrok|zwysc{uddeupzulrok|zwysc{uddeupzulrok|zwysc{uddeupzulrok|zwysc{000000000000000000000000000000000000000000000000000000000000000000000000000000000"},
{ "epoch":2, "generation":7, "position":6, "genome": "uddceupzulrok|zwysc{uddeupzulrok|zwysc{uddeupzulrok|zwysc{uddeupzulrok|zwysc{uddeupzulrok|zwysc{uddeupzulrok|zwysc{uddeupzulrok|zwysc{udddeupzulroooooookkkkk|zwysc{uddeupzullrrroooooooooooooooook|zwysssc{uudddddeupzzulrok|zwwwyyyscc{uddeupzulrok|zwyyyyyyysssc{uddeupzulrok|zwysc{uddeupzulrok|zwysc{uddeupzulrok|zwysc{uddeupzulrok|zwyssc{uddeupzulrok|zwysc{uddeupzulrok|zwysc{uddeupzulroook||zwysssscccccc{uddeupzulrok|zwysc{uddeupzulrok|zwysc{uddeupzulrok|zwysc{uddeupzulrok|zwysc{uddeupzulrok|zwysc{uddeupzulrok|zwysc{uddeupzulrok|zwysc{uddeupzulrok|zwysc{uddeupzulrok|zwysc{uddeupzulrok|zwysc{uddeupzulrok|zwysc{uddeupzulrok|zwysc{uddeupzulrok|zwysc{uddeupzulrok|zwysc{0000000000000000000000000000000000000000000000000000000000000000000000000000000"},
{ "epoch":2, "generation":6, "position":7, "genome": "uddfeupzulrok|zwysc{uddeupzulrok|zwysc{uddeupzulrok|zwysc{uddeupzulrok|zwysc{uddeupzulrok|zwysc{uddeupzulrok|zwysc{uddeupzulrok|zwysc{udddeupzulroooooookkkkk|zwysc{uddeupzullrroooooooooooooook||||zwwwysc{{{{{{uddeupzzulrrok|zzwwwwwwwwwwwwysc{uddeuuupzullrok|zwysc{uddeupzulrok|zwysc{uddeupzulrok|zwysc{uddeuppzuuuulrrrrokk|zwysc{uddeupzulrok|zwysc{uddeupzulrok|zwysc{uddeupzulrok|zwysc{uddeupzulrok|zwysc{uddeupzulrok|zwysc{uddeupzulrok|zwysc{uddeupzulrok|zwysc{uddeupzulrok|zwysc{uddeupzulrok|zwysc{uddeupzulrok|zwysc{uddeupzulrok|zwysc{uddeupzulrok|zwysc{uddeupzulrok|zwysc{uddeupzulrok|zwysc{uddeupzulrok|zwysc{uddeupzulrok|zwysc{uddeupzulrok|zwysc{uddeupzulrok|zwysc{0000000000000000000000000000000000000000000000000000000000000000000000000000000000"},
{ "epoch":2, "generation":6, "position":8, "genome": "uddfeupzulrok|zwysc{uddeupzulrok|zwysc{uddeupzulrok|zwysc{uddeupzulrok|zwysc{uddeupzulrok|zwysc{uddeupzulrok|zwysc{uddeupzulrok|zwysc{udddeupzulroooooookkkkk|zwysc{uddeupzulllrroooooooooooooook|zwyscc{{{{uudddddeeupzulrok||zwysc{udddddddeupzulrokk|zzzwwysssc{uddeupzulrok|zwysc{uddeupzulrok|zwysc{uddeupzulrok|zwysc{uddeupzulrok|zwysc{uddeupzulrok|zwysc{uddeupzulrok|zwysc{uddeupzulrok|zwysc{uddeupzulrok|zwysc{uddeupzulrok|zwysc{uddeupzulrok|zwysc{uddeupzulrok|zwysc{uddeupzulrok|zwysc{uddeupzulrok|zwysc{uddeupzulrok|zwysc{uddeupzulrok|zwysc{uddeupzulrok|zwysc{uddeupzulrok|zwysc{uddeupzulrok|zwysc{uddeupzulrok|zwysc{uddeupzulrok|zwysc{uddeupzulrok|zwysc{000000000000000000000000000000000000000000000000000000000000000000000"},
{ "epoch":2, "generation":6, "position":9, "genome": "uddfeupzulrok|zwysc{uddeupzulrok|zwysc{uddeupzulrok|zwysc{uddeupzulrok|zwysc{uddeupzulrok|zwysc{uddeupzulrok|zwysc{uddeupzulrok|zwysc{udddeupzulroooooookkkkk|zwysc{uddeupzullrroooooooooooooook||||zzwwwysc{{{{{{uddeupzulrrok|zwwwwwwwwwwwwysc{uddeuuupzullrok|zwysc{uddeupzulrok|zwysc{uddeupzulrok|zwysc{uddeuppzuuuulrrrrokk|zwysc{uddeupzulrok|zwysc{uddeupzulrok|zwysc{uddeupzulrok|zwysc{uddeupzulrok|zwysc{uddeupzulrok|zwysc{uddeupzulrok|zwysc{uddeupzulrok|zwysc{uddeupzulrok|zwysc{uddeupzulrok|zwysc{uddeupzulrok|zwysc{uddeupzulrok|zwysc{uddeupzulrok|zwysc{uddeupzulrok|zwysc{uddeupzulrok|zwysc{uddeupzulrok|zwysc{uddeupzulrok|zwysc{uddeupzulrok|zwysc{uddeupzulrok|zwysc{000000000000000000000000000000000000000000000000000000000000000000000000000000000"},
{ "epoch":2, "generation":6, "position":10, "genome": "uddfeupzulrok|zwysc{uddeupzulrok|zwysc{uddeupzulrok|zwysc{uddeupzulrok|zwysc{uddeupzulrok|zwysc{uddeupzulrok|zwysc{uddeupzulrok|zwysc{udddeupzulroooooookkkkk|zwysc{uddeupzulllrroooooooooooooook|zwysccc{uuuudddddeeupzulrok||zwysc{udddddddeupzulrokk|zzzwwysssc{uddeupzulrok|zwysc{uddeupzulrok|zwysc{uddeupzulrok|zwysc{uddeupzulrok|zwysc{uddeupzulrok|zwysc{uddeupzulrok|zwysc{uddeupzulrok|zwysc{uddeupzulrok|zwysc{uddeupzulrok|zwysc{uddeupzulrok|zwysc{uddeupzulrok|zwysc{uddeupzulrok|zwysc{uddeupzulrok|zwysc{uddeupzulrok|zwysc{uddeupzulrok|zwysc{uddeupzulrok|zwysc{uddeupzulrok|zwysc{uddeupzulrok|zwysc{uddeupzulrok|zwysc{uddeupzulrok|zwysc{uddeupzulrok|zwysc{000000000000000000000000000000000000000000000000000000000000000"},
{ "epoch":2, "generation":6, "position":11, "genome": "fygxg|sku}pnkfygx|sku}pnkfygx|sku}pnkfygx|sku}pnkfygx|sku}pnkfygx|sku}}pnkfygggx|sku}pnkfygx|sku}pnkfygx|sku}pnkfygx|sku}}}}pnkkkkkfygx|sku}pnnkffygx|sku}pnkfygx|sku}pnkfygx|sku}pnkfygx|sku}pnkfygx|sku}pnkfyyyyyygx|sku}pnkffygx|sku}pnkfygx|sku}pnkfygx|sku}pnkfygx|sku}pnkfygx|sku}pnkfygx|sku}pnkfygx|sku}pnkfygx|sku}pnkfygx|sku}pnkfygx|sku}pnkfygx|sku}pnkfygx|sku}pnkfygx|sku}pnkfygx|sku}pnkfygx|sku}pnk000000000000000000000000000000000000000000000000000000000000000000"},
{ "epoch":2, "generation":6, "position":12, "genome": "uddfeupzulrok|zwysc{uddeupzulrok|zwysc{uddeupzulrok|zwysc{uddeupzulrok|zwysc{uddeupzulrok|zwysc{uddeupzulrok|zwysc{uddeupzulrok|zwysc{udddeupzulroooooookkkkk|zwysc{uddeupzullllrroooooooooooooook|zwyscc{uuudddddddeeupzulrok||zzwysc{{udddddddddeupzulrok|zwysc{uddeupzulrok|zwysc{uddeupzulrok|zwysc{uddeupzulrok|zwysc{uddeupzulrok|zwysc{uddeupzulrok|zwysc{uddeupzulrok|zwysc{uddeupzulrok|zwysc{uddeupzulrok|zwysc{uddeupzulrok|zwysc{uddeupzulrok|zwysc{uddeupzulrok|zwysc{uddeupzulrok|zwysc{uddeupzulrok|zwysc{uddeupzulrok|zwysc{uddeupzulrok|zwysc{uddeupzulrok|zwysc{uddeupzulrok|zwysc{uddeupzulrok|zwysc{uddeupzulrok|zwysc{uddeupzulrok|zwysc{uddeupzulrok|zwysc{0000000000000000000000000000000000000000000000000000000000000000000"},
{ "epoch":2, "generation":6, "position":13, "genome": "uddgeupzulrok|zwysc{uddeupzulrok|zwysc{uddeupzulrok|zwysc{uddeupzulrok|zwysc{uddeupzulrok|zwysc{uddeupzulrok|zwysc{uddeupzulrok|zwysc{udddeupzulroooooookkkkk|zwysc{uddeupzulllrroooooooooooooooooooookkk||||zwwwysc{{{{{uddeupzulrok|zwwwwwwwwwwwwysc{uddeupzulrok|zwysc{uddeupzulrok|zwysc{uddeupzulrok|zwysc{uddeuppzuuuulrrrrokk|zwysc{uddeupzulrok|zwysc{uddeupzulrok|zwysc{uddeupzulrok|zwysc{uddeupzulrok|zwysc{uddeupzulrok|zwysc{uddeupzulrok|zwysc{uddeupzulrok|zwysc{uddeupzulrok|zwysc{uddeupzulrok|zwysc{uddeupzulrok|zwysc{uddeupzulrok|zwysc{uddeupzulrok|zwysc{uddeupzulrok|zwysc{uddeupzulrok|zwysc{uddeupzulrok|zwysc{uddeupzulrok|zwysc{uddeupzulrok|zwysc{uddeupzulrok|zwysc{00000000000000000000000000000000000000000000000000000000000000000000000"},
{ "epoch":2, "generation":6, "position":14, "genome": "tjfbbinzuzrsulemtjbbinzuzrsulemtjbbinzuzrsulemtjbbinzuzrsulemtjbbinzuzrsulemtjbbinzuzrsulemtjbbinzuzrsulemtjbbinzuuzrsulemtjbbinzuzrsuleemtjjbbbbinnnnzzzzzzuuuzrrrrrsuleemtjbbinzzuzrsssulemmmtjbbbbbinzuzrssuleemtjbbinzuzrsulemtjbbinzuzrsulemtjjjbbinzuuuzrssulemtjbbinzuzrsulemtjbbinzuzrsulemtjbbinzuzrsulemtjbbinzuzrsulemtjbbinzuzrsulemtjbbinzuzrsulemtjbbinzuzrsulemtjbbinzuzrsulemtjbbinzuzrsulemtjbbinzuzrsulemtjbbinzuzrsulemtjbbinzuzrsulemtjbbinzuzrsulemtjbbinzuzrsulemtjbbinzuzrsulemtjbbinzuzrsulemtjbbinzuzrsulem00000000000000000000000000000000000000000000000000000000000000"},
{ "epoch":2, "generation":5, "position":15, "genome": "|v~fagc~pgjglnmg|v~agc~pgjglnmg|v~agc~pgjglnmg|v~agc~pgjglnmg|v~agc~pgjglnmg|v~agc~pgjglnmg|v~agc~pgjglnmg|v~agc~pgjglnmg|v~agc~pgjglnmg||v~agc~~pgjglnmg|v~aggc~pgjjjgglnmmg|vv~agcccccccccc~ppgjjjjglnnmg|v~aaagc~~pgjggglnmggg|vv~agc~pgjjjglnmg|vv~agc~~pgjglnmg|v~agc~pgjglnmg|v~agc~pgjglnmg|v~agc~pgjglnmg|v~agc~pgjglnmg|v~agc~pgjglnmg|v~agc~pgjglnmg|v~agc~pgjglnmg|v~agc~pgjglnmg|v~agc~pgjglnmg|v~agc~pgjglnmg|v~agc~pgjglnmg|v~agc~pgjglnmg|v~agc~pgjglnmg|v~agc~pgjglnmg|v~agc~pgjglnmg|v~agc~pgjglnmg|v~agc~pgjglnmg000000000000000000000000000000000000000000000000000000000000000000000000"},
{ "epoch":2, "generation":5, "position":16, "genome": "fygxf|sku}pnkfygx|sku}pnkfygx|sku}pnkfygx|sku}pnkfygx|sku}pnkfygx|sku}}pnkfygggx|sku}pnkfygx|sku}pnkfygx|skkku}pnkfygx|||ssssku}pnkfygx|skuuu}pnkfyygx|skkkku}pnnkfyyyyygx|sku}pnkfygx|sku}pnkfyggx|sku}pnkfyygx|sku}pnkfygx|sku}pnkfygx|sku}pnkfygx|sku}pnkfygx|sku}}ppnkfyggx|sskuuu}pnkfygx|sku}pnkfygx|sku}pnkfygx|sku}pnkfygx|sku}pnkfygx|sku}pnkfygx|sku}pnkfygx|sku}pnkfygx|sku}pnkfygx|sku}pnkfygx|sku}pnkfygx|sku}pnk00000000000000000000000000000000000000000000000000000000000000000000000000000"},
{ "epoch":2, "generation":5, "position":17, "genome": "fygxf|sku}pnkfygx|sku}pnkfygx|sku}pnkfygx|sku}pnkfygx|sku}pnkfygx|sku}}pnkfygggx|sku}pnkfygx|sku}pnkfygx|sku}pnkfyygx||||ssssssku}pnkfygx|skuuu}pnkfyygx|skku}pnnkfygx|sku}pnkfygx|sku}pnkfyggx|sku}pnkfyygx|sku}pnkfygx|sku}pnkfygx|sku}pnkfygx|sku}pnkfygx|sku}}ppnkfyggx|sskuuu}pnkfygx|sku}pnkfygx|sku}pnkfygx|sku}pnkfygx|sku}pnkfygx|sku}pnkfygx|sku}pnkfygx|sku}pnkfygx|sku}pnkfygx|sku}pnkfygx|sku}pnkfygx|sku}pnk000000000000000000000000000000000000000000000000000000000000000000000000000"},
{ "epoch":2, "generation":5, "position":18, "genome": "fygxf|sku}pnkfygx|sku}pnkfygx|sku}pnkfygx|sku}pnkfygx|sku}pnkfygx|sku}}pnkfygggx|sku}pnkfygx|sku}pnkfygx|sku}pnkfygx||||ssssku}pnkfygx|skuuu}pnkfyygx|skku}pnnkfygx|sku}pnkfygx|sku}pnkfyggx|sku}pnkfyygx|sku}pnkfygx|sku}pnkfygx|sku}pnkfygx|sku}pnkfygx|sku}}ppnkfyggx|sskuuu}pnkfygx|sku}pnkfygx|sku}pnkfygx|sku}pnkfygx|sku}pnkfygx|sku}pnkfygx|sku}pnkfygx|sku}pnkfygx|sku}pnkfygx|sku}pnkfygx|sku}pnkfygx|sku}pnk0000000000000000000000000000000000000000000000000000000000000000000000000"},
{ "epoch":2, "generation":5, "position":19, "genome": "fygxf|sku}pnkfygx|sku}pnkfygx|sku}pnkfygx|sku}pnkfygx|sku}pnkfygx|sku}}pnkfygggx|sku}pnkfygx|sku}pnkfygx|sku}pnkfygx|sku}}pnkkkkfygx|sku}pnkfygx|sku}ppnkfygx|sku}pnkfygx|sku}pnkfygx|sku}pnkfygx|sku}pnkfyyyyyygx|sku}pnkffygx|sku}pnkfygx|sku}pnkfygx|sku}pnkfygx|sku}pnkfygx|sku}pnkfygx|sku}pnkfygx|sku}pnkfygx|sku}pnkfygx|sku}pnkfygx|sku}pnkfygx|sku}pnkfygx|sku}pnkfygx|sku}pnkfygx|sku}pnkfygx|sku}pnk0000000000000000000000000000000000000000000000000000000000000000"},
{ "epoch":2, "generation":5, "position":20, "genome": "fygxf|sku}pnkfygx|sku}pnkfygx|sku}pnkfygx|sku}pnkfygx|sku}pnkfygx|sku}}pnkfygggx|sku}pnkfygx|sku}pnkfygx|sku}pnkfygx|sku}}pnkkkkfygx|sku}pnnkffygx|sku}pnkfygx|sku}pnkfygx|sku}pnkfygx|sku}pnkfygx|sku}pnkfyyyyyygx|sku}pnkffygx|sku}pnkfygx|sku}pnkfygx|sku}pnkfygx|sku}pnkfygx|sku}pnkfygx|sku}pnkfygx|sku}pnkfygx|sku}pnkfygx|sku}pnkfygx|sku}pnkfygx|sku}pnkfygx|sku}pnkfygx|sku}pnkfygx|sku}pnkfygx|sku}pnk000000000000000000000000000000000000000000000000000000000000000"},
{ "epoch":2, "generation":5, "position":21, "genome": "fygxf|sku}pnkfygx|sku}pnkfygx|sku}pnkfygx|sku}pnkfygx|sku}pnkfygx|sku}}pnkfygggx|sku}pnkfygx|sku}pnkfygx|sku}pnkfygx|sku}}pnkkkkfygx|sku}pnnkffygx|sku}pnkfygx|sku}pnkfygx|sku}pnkfygx|sku}pnkfygx|sku}pnkfyyyyyygx|sku}pnkffygx|sku}pnkfygx|sku}pnkfygx|sku}pnkfygx|sku}pnkfygx|sku}pnkfygx|sku}pnkfygx|sku}pnkfygx|sku}pnkfygx|sku}pnkfygx|sku}pnkfygx|sku}pnkfygx|sku}pnkfygx|sku}pnkfygx|sku}pnkfygx|sku}pnk000000000000000000000000000000000000000000000000000000000000000"},
{ "epoch":2, "generation":5, "position":22, "genome": "uddceupzulrok|zwysc{uddeupzulrok|zwysc{uddeupzulrok|zwysc{uddeupzulrok|zwysc{uddeupzulrok|zwysc{uddeupzulrok|zwysc{uddeupzulrok|zwysc{udddeupzulroooooookkkkk|zwysc{uddeupzullrroooooooooooooooooooookkk||||zwwwysc{{{{{uddeupzulrok|zwwwwwwwwwwwwysc{uddeupzulrok|zwysc{uddeupzulrok|zwysc{uddeupzulrok|zwysc{uddeuppzuuuulrrrrokk|zwysc{uddeupzulrok|zwysc{uddeupzulrok|zwysc{uddeupzulrok|zwysc{uddeupzulrok|zwysc{uddeupzulrok|zwysc{uddeupzulrok|zwysc{uddeupzulrok|zwysc{uddeupzulrok|zwysc{uddeupzulrok|zwysc{uddeupzulrok|zwysc{uddeupzulrok|zwysc{uddeupzulrok|zwysc{uddeupzulrok|zwysc{uddeupzulrok|zwysc{uddeupzulrok|zwysc{uddeupzulrok|zwysc{uddeupzulrok|zwysc{uddeupzulrok|zwysc{0000000000000000000000000000000000000000000000000000000000000000000000"},
{ "epoch":2, "generation":5, "position":23, "genome": "uddfeupzulrok|zwysc{uddeupzulrok|zwysc{uddeupzulrok|zwysc{uddeupzulrok|zwysc{uddeupzulrok|zwysc{uddeupzulrok|zwysc{uddeupzulrok|zwysc{udddeupzulroooooookkkkk|zwysc{uddeupzullrrooooooooooooooooooooooook||zwysc{uuddddddeuppzulrok||zwysc{udddddddeupzulrok|zwysc{uddeupzulrok|zwysc{uuddeupzulrok|zwysc{uddeupzulrok|zwysc{uddeupzulrok|zwysc{uddeupzulrok|zwysc{uddeupzulrok|zwysc{uddeupzulrok|zwysc{uddeupzulrok|zwysc{uddeupzulrok|zwysc{uddeupzulrok|zwysc{uddeupzulrok|zwysc{uddeupzulrok|zwysc{uddeupzulrok|zwysc{uddeupzulrok|zwysc{uddeupzulrok|zwysc{uddeupzulrok|zwysc{uddeupzulrok|zwysc{uddeupzulrok|zwysc{uddeupzulrok|zwysc{uddeupzulrok|zwysc{uddeupzulrok|zwysc{0000000000000000000000000000000000000000000000000000000000000"},
{ "epoch":2, "generation":5, "position":24, "genome": "uddfeupzulrok|zwysc{uddeupzulrok|zwysc{uddeupzulrok|zwysc{uddeupzulrok|zwysc{uddeupzulrok|zwysc{uddeupzulrok|zwysc{uddeupzulrok|zwysc{udddeupzulroooooookkkkk|zwysc{uddeupzullrrooooooooooooooook|zwyssc{uudddddeupzzulrok|zwwyyyscc{uddeupzulrok|zwyyyyyyysssc{uddeupzulrok|zwysc{uddeupzulrok|zwysc{uddeupzulrok|zwysc{uddeupzulrok|zwysc{uddeupzulrok|zwysc{uddeupzulrok|zwysc{uddeupzulrok|zwysc{uddeupzulrok|zwysc{uddeupzulrok|zwysc{uddeupzulrok|zwysc{uddeupzulrok|zwysc{uddeupzulrok|zwysc{uddeupzulrok|zwysc{uddeupzulrok|zwysc{uddeupzulrok|zwysc{uddeupzulrok|zwysc{uddeupzulrok|zwysc{uddeupzulrok|zwysc{uddeupzulrok|zwysc{uddeupzulrok|zwysc{uddeupzulrok|zwysc{000000000000000000000000000000000000000000000000000000000000000000"},
{ "epoch":2, "generation":5, "position":25, "genome": "uddfeupzulrok|zwysc{uddeupzulrok|zwysc{uddeupzulrok|zwysc{uddeupzulrok|zwysc{uddeupzulrok|zwysc{uddeupzulrok|zwysc{uddeupzulrok|zwysc{udddeupzulroooooookkkkk|zwysc{uddeupzullrrrooooooooooooooooooooooooook||zwysc{uuddddddeuppzulrok|zwysc{udddddddeupzulrok|zwysc{uddeupzulrok|zwysc{uddeupzulrok|zwysc{uddeupzulrok|zwysc{uddeupzulrok|zwysc{uddeupzulrok|zwysc{uddeupzulrok|zwysc{uddeupzulrok|zwysc{uddeupzulrok|zwysc{uddeupzulrok|zwysc{uddeupzulrok|zwysc{uddeupzulrok|zwysc{uddeupzulrok|zwysc{uddeupzulrok|zwysc{uddeupzulrok|zwysc{uddeupzulrok|zwysc{uddeupzulrok|zwysc{uddeupzulrok|zwysc{uddeupzulrok|zwysc{uddeupzulrok|zwysc{uddeupzulrok|zwysc{uddeupzulrok|zwysc{00000000000000000000000000000000000000000000000000000000000000"},
{ "epoch":2, "generation":5, "position":26, "genome": "uddceupzulrok|zwysc{uddeupzulrok|zwysc{uddeupzulrok|zwysc{uddeupzulrok|zwysc{uddeupzulrok|zwysc{uddeupzulrok|zwysc{uddeupzulrok|zwysc{udddeupzulroooooookkkkk|zwysc{uddeupzullrrooooooooooooooooook|zwysc{uuuuuddddddddeuupzulrok|zwwyyyscc{uddeupzulrok|zwysc{uddeupzulrok|zwysc{uddeupzulrok|zwysc{uddeupzulrok|zwysc{uddeupzulrok|zwysc{uddeupzulrok|zwysc{uddeupzulrok|zwysc{uddeupzulrok|zwysc{uddeupzulrok|zwysc{uddeupzulrok|zwysc{uddeupzulrok|zwysc{uddeupzulrok|zwysc{uddeupzulrok|zwysc{uddeupzulrok|zwysc{uddeupzulrok|zwysc{uddeupzulrok|zwysc{uddeupzulrok|zwysc{uddeupzulrok|zwysc{uddeupzulrok|zwysc{uddeupzulrok|zwysc{uddeupzulrok|zwysc{uddeupzulrok|zwysc{00000000000000000000000000000000000000000000000000000000000000000"},
{ "epoch":2, "generation":5, "position":27, "genome": "uddfeupzulrok|zwysc{uddeupzulrok|zwysc{uddeupzulrok|zwysc{uddeupzulrok|zwysc{uddeupzulrok|zwysc{uddeupzulrok|zwysc{uddeupzulrok|zwysc{udddeupzulroooooookkkkk|zwysc{uddeupzullrroooooooooooooook|zwysccc{uudddddeupzulrok|zwwyyyscc{uddeupzulrok|zwyyyyyyysssc{uddeupzulrok|zwysc{uddeupzulrok|zwysc{uddeupzulrok|zwysc{uddeupzulrok|zwysc{uddeupzulrok|zwysc{uddeupzulrok|zwysc{uddeupzulrok|zwysc{uddeupzulrok|zwysc{uddeupzulrok|zwysc{uddeupzulrok|zwysc{uddeupzulrok|zwysc{uddeupzulrok|zwysc{uddeupzulrok|zwysc{uddeupzulrok|zwysc{uddeupzulrok|zwysc{uddeupzulrok|zwysc{uddeupzulrok|zwysc{uddeupzulrok|zwysc{uddeupzulrok|zwysc{uddeupzulrok|zwysc{uddeupzulrok|zwysc{000000000000000000000000000000000000000000000000000000000000000000"},
{ "epoch":2, "generation":5, "position":28, "genome": "uddceupzulrok|zwysc{uddeupzulrok|zwysc{uddeupzulrok|zwysc{uddeupzulrok|zwysc{uddeupzulrok|zwysc{uddeupzulrok|zwysc{uddeupzulrok|zwysc{udddeupzulroooooookkkkk|zwysc{uddeupzullrroooooooooooooook|zwysccc{uuuuuddddddddeuupzulrok|zwwyyyscc{uddeupzulrok|zwysc{uddeupzulrok|zwysc{uddeupzulrok|zwysc{uddeupzulrok|zwysc{uddeupzulrok|zwysc{uddeupzulrok|zwysc{uddeupzulrok|zwysc{uddeupzulrok|zwysc{uddeupzulrok|zwysc{uddeupzulrok|zwysc{uddeupzulrok|zwysc{uddeupzulrok|zwysc{uddeupzulrok|zwysc{uddeupzulrok|zwysc{uddeupzulrok|zwysc{uddeupzulrok|zwysc{uddeupzulrok|zwysc{uddeupzulrok|zwysc{uddeupzulrok|zwysc{uddeupzulrok|zwysc{uddeupzulrok|zwysc{uddeupzulrok|zwysc{00000000000000000000000000000000000000000000000000000000000000"},
{ "epoch":2, "generation":4, "position":29, "genome": "|v~fagc~pgjglnmg|v~agc~pgjglnmg|v~agc~pgjglnmg|v~agc~pgjglnmg|v~agc~pgjglnmg|v~agc~pgjglnmg|v~agc~pgjglnmg|v~agc~pgjglnmg|v~agc~pgjglnmg|v~agc~~pgjglnmg|v~aggc~pgjjjgglnmmg|vv~agcccccccccc~ppgjjjjglnnmg|v~aaagc~~pgjggglnmggg|vv~agc~pgjjjglnmg|vv~agc~~pgjglnmg|v~agc~pgjglnmg|v~agc~pgjglnmg|v~agc~pgjglnmg|v~agc~pgjglnmg|v~agc~pgjglnmg|v~agc~pgjglnmg|v~agc~pgjglnmg|v~agc~pgjglnmg|v~agc~pgjglnmg|v~agc~pgjglnmg|v~agc~pgjglnmg|v~agc~pgjglnmg|v~agc~pgjglnmg|v~agc~pgjglnmg|v~agc~pgjglnmg|v~agc~pgjglnmg|v~agc~pgjglnmg000000000000000000000000000000000000000000000000000000000000000000000"},
{ "epoch":2, "generation":4, "position":30, "genome": "|v~fagc~pgjglnmg|v~agc~pgjglnmg|v~agc~pgjglnmg|v~agc~pgjglnmg|v~agc~pgjglnmg|v~agc~pgjglnmg|v~agc~pgjglnmg|v~agc~pgjglnmg|v~agc~pgjglnmg|vvv~aagccc~pgjgglnmg|v~agc~pgjglnmmg|vv~agcccccccccc~ppgjjjjglnnmg|v~aaagc~~pgjggglnmggg|vv~agc~pgjjjglnmg|vv~agc~~pgjglnmg|v~agc~pgjglnmg|v~agc~pgjglnmg|v~agc~pgjglnmg|v~agc~pgjglnmg|v~agc~pgjglnmg|v~agc~pgjglnmg|v~agc~pgjglnmg|v~agc~pgjglnmg|v~agc~pgjglnmg|v~agc~pgjglnmg|v~agc~pgjglnmg|v~agc~pgjglnmg|v~agc~pgjglnmg|v~agc~pgjglnmg|v~agc~pgjglnmg|v~agc~pgjglnmg|v~agc~pgjglnmg0000000000000000000000000000000000000000000000000000000000000000000000000000"},
{ "epoch":2, "generation":4, "position":31, "genome": "|v~gagc~pgjglnmg|v~agc~pgjglnmg|v~agc~pgjglnmg|v~agc~pgjglnmg|v~agc~pgjglnmg|v~agc~pgjglnmg|v~agc~pgjglnmg|v~agc~pgjglnmg|v~agc~pgjglnmg|v~agc~~pgjglnmg|v~aggc~pgjjjgglnmmg|vv~agcccccccccc~ppgjjjjglnnmg|v~aaagc~~pgjggglnmggg|vv~agc~pgjjjglnmg|vv~agc~~pgjglnmg|v~agc~pgjglnmg|v~agc~pgjglnmg|v~agc~pgjglnmg|v~agc~pgjglnmg|v~agc~pgjglnmg|v~agc~pgjglnmg|v~agc~pgjglnmg|v~agc~pgjglnmg|v~agc~pgjglnmg|v~agc~pgjglnmg|v~agc~pgjglnmg|v~agc~pgjglnmg|v~agc~pgjglnmg|v~agc~pgjglnmg|v~agc~pgjglnmg|v~agc~pgjglnmg|v~agc~pgjglnmg00000000000000000000000000000000000000000000000000000000000000000000"},
{ "epoch":2, "generation":4, "position":32, "genome": "uddfeupzulrok|zwysc{uddeupzulrok|zwysc{uddeupzulrok|zwysc{uddeupzulrok|zwysc{uddeupzulrok|zwysc{uddeupzulrok|zwysc{uddeupzulrok|zwysc{udddeupzulroooooookkkkk|zwysc{uddeupzulrooookk|zwysc{{{uddeupppzulrrrok||zwysc{uddeupzuuulrrookk||zwyssc{uddeupzulrok|zwysc{uddeupzulrok|zwysc{{uddeupzuulrok|zwyysc{{{{{{{uddeupzullrook|||zzwysc{uddeeupzulrok|zwysc{uddeupzulrok|zwysc{uddeupzulrok|zwysc{uddeupzulrok|zwysc{uddeupzulrok|zwysc{uddeupzulrok|zwysc{uddeupzulrok|zwysc{uddeupzulrok|zwysc{uddeupzulrok|zwysc{uddeupzulrok|zwysc{uddeupzulrok|zwysc{uddeupzulrok|zwysc{uddeupzulrok|zwysc{uddeupzulrok|zwysc{uddeupzulrok|zwysc{uddeupzulrok|zwysc{uddeupzulrok|zwysc{0000000000000000000000000000000000000000000000000000000000000000000000000"},
{ "epoch":2, "generation":4, "position":33, "genome": "uddfeupzulrok|zwysc{uddeupzulrok|zwysc{uddeupzulrok|zwysc{uddeupzulrok|zwysc{uddeupzulrok|zwysc{uddeupzulrok|zwysc{uddeupzulrok|zwysc{udddeupzulroooooookkkkk|zwysc{uddeupzulrok|zwysc{{{uddeupppzulrrrok||zwysc{uddeeeupzuuullrrookk||zwyssc{uddeupzulrok|zwysc{uddeupzulrok|zwysc{{uddeupzuulrok|zwyysc{{{{{{{uddeupzullrook|||zzwysc{uddeeupzulrok|zwysc{uddeupzulrok|zwysc{uddeupzulrok|zwysc{uddeupzulrok|zwysc{uddeupzulrok|zwysc{uddeupzulrok|zwysc{uddeupzulrok|zwysc{uddeupzulrok|zwysc{uddeupzulrok|zwysc{uddeupzulrok|zwysc{uddeupzulrok|zwysc{uddeupzulrok|zwysc{uddeupzulrok|zwysc{uddeupzulrok|zwysc{uddeupzulrok|zwysc{uddeupzulrok|zwysc{uddeupzulrok|zwysc{0000000000000000000000000000000000000000000000000000000000000000000000000"},
{ "epoch":2, "generation":4, "position":34, "genome": "|v~fagc~pgjglnmg|v~agc~pgjglnmg|v~agc~pgjglnmg|v~agc~pgjglnmg|v~agc~pgjglnmg|v~agc~pgjglnmg|v~agc~pgjglnmg|v~agc~pgjglnmg|v~agc~pgjglnmmg|v~aagcc~~~~pgjglnnnnnnnmg|v~agc~pgjglnmg|v~agcccccccc~pgjjjglnnmg|v~aaagc~~pgjggglnmggg|vv~agc~pgjjjglnmg|vv~agc~~pgjglnmg|v~agc~pgjglnmg|v~agc~pgjglnmg|v~agc~pgjglnmg|v~agc~pgjglnmg|v~agc~pgjglnmg|v~agc~pgjglnmg|v~agc~pgjglnmg|v~agc~pgjglnmg|v~agc~pgjglnmg|v~agc~pgjglnmg|v~agc~pgjglnmg|v~agc~pgjglnmg|v~agc~pgjglnmg|v~agc~pgjglnmg|v~agc~pgjglnmg|v~agc~pgjglnmg|v~agc~pgjglnmg00000000000000000000000000000000000000000000000000000000000000000"},
{ "epoch":2, "generation":4, "position":35, "genome": "fygxf|sku}pnkfygx|sku}pnkfygx|sku}pnkfygx|sku}pnkfygx|sku}pnkfygx|sku}}pnkfygggx|sku}pnkfygx|sku}pnkfygx|sku}pnkfygx|sku}}pnkkkkfygx|sku}pnkfygx|sku}ppnkfygx|sku}pnkfygx|sku}pnkfygx|sku}pnkfygx|sku}pnkfyyyyyygx|sku}pnkffygx|sku}pnkfygx|sku}pnkfygx|sku}pnkfygx|sku}pnkfygx|sku}pnkfygx|sku}pnkfygx|sku}pnkfygx|sku}pnkfygx|sku}pnkfygx|sku}pnkfygx|sku}pnkfygx|sku}pnkfygx|sku}pnkfygx|sku}pnkfygx|sku}pnk0000000000000000000000000000000000000000000000000000000000"},
{ "epoch":2, "generation":3, "position":36, "genome": "|v~fagc~pgjglnmg|v~agc~pgjglnmg|v~agc~pgjglnmg|v~agc~pgjglnmg|v~agc~pgjglnmg|v~agc~pgjglnmg|v~agc~pgjglnmg|v~agc~pgjglnmg|v~agc~pgjglnmg|v~agcc~~~~pgjglnnnnnnnmg|v~agc~pgjglnmg|v~agcccccccc~pgjjjglnnmg|v~aaagc~~pgjggglnmggg|vv~agc~pgjjjglnmg|vv~agc~~pgjglnmg|v~agc~pgjglnmg|v~agc~pgjglnmg|v~agc~pgjglnmg|v~agc~pgjglnmg|v~agc~pgjglnmg|v~agc~pgjglnmg|v~agc~pgjglnmg|v~agc~pgjglnmg|v~agc~pgjglnmg|v~agc~pgjglnmg|v~agc~pgjglnmg|v~agc~pgjglnmg|v~agc~pgjglnmg|v~agc~pgjglnmg|v~agc~pgjglnmg|v~agc~pgjglnmg|v~agc~pgjglnmg00000000000000000000000000000000000000000000000000000000000000"},
{ "epoch":2, "generation":3, "position":37, "genome": "|v~gagc~pgjglnmg|v~agc~pgjglnmg|v~agc~pgjglnmg|v~agc~pgjglnmg|v~agc~pgjglnmg|v~agc~pgjglnmg|v~agc~pgjglnmg|v~agc~pgjglnmg|v~agc~pgjglnmmg|v~aagcc~~~~pgjglnnnnnnnmg|v~agc~pgjglnmg|v~agcccccccc~pgjjjglnnmg|v~aaagc~~pgjggglnmggg|vv~agc~pgjjjglnmg|vv~agc~~pgjglnmg|v~agc~pgjglnmg|v~agc~pgjglnmg|v~agc~pgjglnmg|v~agc~pgjglnmg|v~agc~pgjglnmg|v~agc~pgjglnmg|v~agc~pgjglnmg|v~agc~pgjglnmg|v~agc~pgjglnmg|v~agc~pgjglnmg|v~agc~pgjglnmg|v~agc~pgjglnmg|v~agc~pgjglnmg|v~agc~pgjglnmg|v~agc~pgjglnmg|v~agc~pgjglnmg|v~agc~pgjglnmg0000000000000000000000000000000000000000000000000000000000000000"},
{ "epoch":2, "generation":3, "position":38, "genome": "fygxf|sku}pnkfygx|sku}pnkfygx|sku}pnkfygx|sku}pnkfygx|sku}pnkfygx|sku}}pnkfygggx|sku}pnkfygx|sku}pnkfygx|sku}pnkfygx|sku}pnkkkkkkkfyygx|sku}pnkfygx|sku}pnkfygx|sku}pnkfygx|sku}pnkfygx|sku}pnkfygx|sku}pnkfyyyyyygx|sku}pnkffygx|sku}pnkfygx|sku}pnkfygx|sku}pnkfygx|sku}pnkfygx|sku}pnkfygx|sku}pnkfygx|sku}pnkfygx|sku}pnkfygx|sku}pnkfygx|sku}pnkfygx|sku}pnkfygx|sku}pnkfygx|sku}pnkfygx|sku}pnkfygx|sku}pnk0000000000000000000000000000000000000000000000000000000000"},
{ "epoch":2, "generation":2, "position":39, "genome": "|v~cagc~pgjglnmg|v~agc~pgjglnmg|v~agc~pgjglnmg|v~agc~pgjglnmg|v~agc~pgjglnmg|v~agc~pgjglnmg|v~agc~pgjglnmg|v~agc~pgjglnmg|v~agc~pgjglnmg|v~agc~pgjglnmg|v~agc~pgjglnmg|v~agc~pgjjglnnmg|vv~aaagc~~pgggggggggggggjjjjgggglnmggggg|vv~agc~~~~~~pgjjjglnmg|vv~agc~~pgjglnmg|v~agc~pgjglnmg|v~agc~pgjglnmg|v~agc~pgjglnmg|v~agc~pgjglnmg|v~agc~pgjglnmg|v~agc~pgjglnmg|v~agc~pgjglnmg|v~agc~pgjglnmg|v~agc~pgjglnmg|v~agc~pgjglnmg|v~agc~pgjglnmg|v~agc~pgjglnmg|v~agc~pgjglnmg|v~agc~pgjglnmg|v~agc~pgjglnmg|v~agc~pgjglnmg|v~agc~pgjglnmg00000000000000000000000000000000000000000000000000000000000000000000000000000"}]